{"train_accuracy": 0.4551009995979744, "train_recall": 0.28278012781704603, "train_precision": 0.6976892943095565, "train_loss": 32965786352.32211, "test_accuracy": 0.4955294318669983, "test_recall": 0.39638273477086955, "test_precision": 0.6951520822567856, "test_loss": 0, "X": [[0.9008570726083681, 0.3509525052260213, 0.03957311064107087, 0.0], [0.9042580756939682, 0.5010778501467799, 0.4414468297271377, 0.0], [0.9223020379353603, 0.6581289669155791, 0.3561110920706465, 0.0], [1.0, 0.9912589792677324, 0.3881615014223082, 0.0], [0.22603796727296965, 0.5769716028500006, 0.3989415475542112, 0.0], [0.06767236742386357, 0.6669683963542479, 0.44477515853022265, 0.0], [0.8178100469989081, 0.8149378964688966, 0.03078529151891606, 0.0], [0.05396381072416736, 0.5361676372799716, 0.39855191478336655, 0.0], [0.8193956388564425, 0.7534158896813278, 0.031945300513801414, 0.0]]}
{"train_accuracy": 0.5142179373687547, "train_recall": 0.44976908305524255, "train_precision": 0.6938934699028204, "train_loss": 32965076250.78736, "test_accuracy": 0.5560581098642564, "test_recall": 0.5631494179604664, "test_precision": 0.6948497774419968, "test_loss": 0, "X": [[0.7490767574840945, 0.2487535683022901, 0.0, 0.0], [0.82186930632083, 0.4518829088464146, 0.3465107065608011, 0.0], [0.931566003019862, 0.6988904132874153, 0.23017454715904928, 0.0], [1.0, 0.9923011753397308, 0.2584035709133513, 0.0], [0.16507738180658865, 0.44615602006373245, 0.26747097578838525, 0.0], [0.08251823622842787, 0.5949166952096578, 0.3479763557400713, 0.0], [0.677963312221112, 0.6557000576928137, 0.0, 0.0], [0.01692649341647316, 0.41733868275549385, 0.2683992218857084, 0.0], [0.6761323044014319, 0.594716959255791, 0.0, 0.0]]}
{"train_accuracy": 0.5716731464249292, "train_recall": 0.6181635196708108, "train_precision": 0.689586914364985, "train_loss": 33078171198.115242, "test_accuracy": 0.5946155901640267, "test_recall": 0.6989031334518903, "test_precision": 0.6834916107187996, "test_loss": 0, "X": [[0.6276071900087993, 0.1625506653724876, 0.0, 0.0], [0.7511799588399347, 0.40374089237718735, 0.2700612679873731, 0.0], [0.9381420248991285, 0.7278249095561911, 0.13063110011739756, 0.0], [1.0, 0.9930409778011486, 0.15614751484650216, 0.0], [0.11112470737915905, 0.3403532404247323, 0.16083121577942106, 0.0], [0.08013368362217571, 0.5298496121890995, 0.2698729654261812, 0.0], [0.5674095862846908, 0.5315347456763386, 0.0, 0.0], [0.0, 0.324924491610068, 0.16513788727177647, 0.0], [0.5611950838087303, 0.46954359785277133, 0.0, 0.0]]}
{"train_accuracy": 0.6028739374771557, "train_recall": 0.725987761233808, "train_precision": 0.6823254427654123, "train_loss": 33135851079.701122, "test_accuracy": 0.6185047059730024, "test_recall": 0.7812694388497917, "test_precision": 0.6790900928492066, "test_loss": 0, "X": [[0.5355339829242859, 0.0951856123931282, 0.0, 0.0], [0.6896437701993798, 0.35627183775503984, 0.21561666247143052, 0.0], [0.9424417836443086, 0.7467438480349899, 0.06307795572147604, 0.0], [1.0, 0.993524700659973, 0.0868207199681945, 0.0], [0.0682344220375603, 0.26196374599250616, 0.08328219875927775, 0.0], [0.062434082135244276, 0.4704649450373703, 0.21390607370552425, 0.0], [0.4862658990948352, 0.44365428631661186, 0.0, 0.0], [0.0, 0.2627289214614475, 0.09382375058019503, 0.0], [0.4742737421738033, 0.3793871860897342, 0.0, 0.0]]}
{"train_accuracy": 0.6242816562994745, "train_recall": 0.8006559502988373, "train_precision": 0.6783293069509708, "train_loss": 33135706285.176056, "test_accuracy": 0.6375596392495018, "test_recall": 0.8500279521258569, "test_precision": 0.6753669975344853, "test_loss": 0, "X": [[0.4734489080584996, 0.051432820821686064, 0.0, 0.0], [0.6358511525305541, 0.31048804947594355, 0.1882562852421565, 0.0], [0.944908402353773, 0.7575969703566164, 0.034909034285168755, 0.0], [1.0, 0.9938021952647907, 0.0576343183142357, 0.0], [0.0421597625766107, 0.21515754417081448, 0.04101475192593427, 0.0], [0.03285520869201455, 0.41682803681292646, 0.18509513996282967, 0.0], [0.4356885085725366, 0.39453802692089446, 0.0, 0.0], [0.0, 0.2360346615845148, 0.06129214278817479, 0.0], [0.4163411253618617, 0.3272518926399615, 0.0, 0.0]]}
{"train_accuracy": 0.6397074503114866, "train_recall": 0.8573691236163521, "train_precision": 0.6750998102521791, "train_loss": 33015160360.920864, "test_accuracy": 0.6413146339953799, "test_recall": 0.8633444546043849, "test_precision": 0.6747712036444206, "test_loss": 0, "X": [[0.43404796698294, 0.02762278829087067, 0.0, 0.0], [0.588722995457307, 0.268134092762354, 0.18348359945162182, 0.0024514573391944236], [0.946255698605297, 0.7635250738633044, 0.03840204206610056, 0.004347139287350655], [1.0, 0.9939537660930909, 0.0605715663914158, 0.004347139287350655], [0.03133939540329198, 0.1934278814453601, 0.02714406900676491, 0.0], [0.0, 0.3691203424587164, 0.17890590860216285, 0.001526218032524872], [0.40769677661902576, 0.3744499473230589, 0.0028107278340248616, 0.003096975799812015], [0.003730868492978081, 0.23721779680106164, 0.0597412434527132, 0.0008473163030643973], [0.38025079023691766, 0.3041468648058376, 0.0, 0.0]]}
