{"train_accuracy": 0.4337458736684266, "train_recall": 0.22537837126617025, "train_precision": 0.6968669923137155, "train_loss": 32966407050.481743, "test_accuracy": 0.4337461033317138, "test_recall": 0.2253794330753196, "test_precision": 0.6968664622765658, "test_loss": 0, "X": [[1.0, 0.43536667236367377, 0.12823082387972154, 0.013442771209961438], [0.9131343101551505, 0.5025858650334527, 0.5118922402784037, 0.010340813807721496], [0.8179958512569093, 0.5367134232644438, 0.4736290105995028, 0.010340305670731008], [0.9007259771370529, 0.8914188379755313, 0.5077551875250677, 0.010340305670731008], [0.2699067560157619, 0.6783863913301053, 0.5170623525769867, 0.010340330416777557], [0.024819559024988072, 0.6825238554084608, 0.5170628564124354, 0.010340798162483351], [0.9110651170107114, 0.9338156325312879, 0.12409426151875101, 0.011374461673939283], [0.08479811580667232, 0.6297824912794602, 0.5170623457588458, 0.010340322640707547], [0.9152016009893434, 0.8759044665784314, 0.12719662328889106, 0.01034031872391252]]}
{"train_accuracy": 0.4337464478266446, "train_recall": 0.2253799639798943, "train_precision": 0.6968669598818968, "train_loss": 32966407037.416218, "test_accuracy": 0.43374702198486265, "test_recall": 0.22538120275723522, "test_precision": 0.696867358334569, "test_loss": 0, "X": [[1.0, 0.4353662299431359, 0.1282300035065632, 0.013441902303794393], [0.9131352180255186, 0.5025864146519402, 0.5118920296802874, 0.010340365985254708], [0.8179979072492709, 0.5367153677073864, 0.47362823837353163, 0.010339349716297798], [0.9007280659380742, 0.8914209230855751, 0.5077544288326713, 0.010339349716297798], [0.2699065833869023, 0.6783860194790501, 0.5170616234653257, 0.010339399207799443], [0.024820090120942776, 0.6825244429720467, 0.5170626311316394, 0.010340334694982762], [0.9110650840745897, 0.9338153395239155, 0.12409338343884883, 0.011373535559128359], [0.08479788621489144, 0.6297821490556126, 0.5170616098291547, 0.010339383655806457], [0.9152015473780557, 0.8759040727685273, 0.12719572848881064, 0.010339375822359978]]}
{"train_accuracy": 0.43374690715321906, "train_recall": 0.22538120275723522, "train_precision": 0.6968669770251548, "train_loss": 32966407025.17778, "test_accuracy": 0.4337477109747243, "test_recall": 0.2253829724391508, "test_precision": 0.6968674917664208, "test_loss": 0, "X": [[1.0, 0.4353657875227599, 0.12822918313417375, 0.013441033398324434], [0.9131361258930704, 0.5025869642677749, 0.5118918190821841, 0.010339918162499873], [0.8179999632357262, 0.5367173121441651, 0.473627466149037, 0.010338393762925217], [0.9007301547332575, 0.8914230081897814, 0.5077536701417756, 0.010338393762925217], [0.2699064107571988, 0.678385647628452, 0.5170608943548481, 0.01033846799960474], [0.024820621213268893, 0.6825250305331664, 0.5170624058508798, 0.010339871227223232], [0.9110650511385762, 0.933815046517486, 0.12409250536001633, 0.011372609445298595], [0.08479765662227817, 0.6297818068324075, 0.5170608739008598, 0.010338444671865591], [0.9152014937667828, 0.8759036789596177, 0.1271948336897311, 0.010338432921731443]]}
{"train_accuracy": 0.4337481703012987, "train_recall": 0.22538368031191705, "train_precision": 0.6968681552281404, "train_loss": 32966407011.91504, "test_accuracy": 0.43374954828102197, "test_recall": 0.2253858039302158, "test_precision": 0.6968701455958739, "test_loss": 0, "X": [[1.0, 0.4353653451025492, 0.12822836276255664, 0.013440164493551576], [0.9131370337577939, 0.5025875138809481, 0.5118916084840746, 0.010339470339457082], [0.8180020192162867, 0.5367192565747959, 0.4736266939260118, 0.010337437810613529], [0.9007322435226177, 0.8914250932881504, 0.5077529114523898, 0.010337437810613529], [0.2699062381266463, 0.6783852757783103, 0.517060165245562, 0.010337536792193625], [0.024821152301966562, 0.6825256180918251, 0.5170621805701607, 0.010339407759205005], [0.9110650182026651, 0.933814753511998, 0.12409162728225252, 0.0113716833324497], [0.08479742702883253, 0.6297814646098403, 0.5170601379739593, 0.0103375056888847], [0.9152014401555167, 0.8759032851517152, 0.12719393889165692, 0.010337490022026694]]}
{"train_accuracy": 0.4337497779443092, "train_recall": 0.2253861578665989, "train_precision": 0.6968704773212884, "train_loss": 32966406998.28747, "test_accuracy": 0.4337504669341708, "test_recall": 0.22538757361213138, "test_precision": 0.6968710416091004, "test_loss": 0, "X": [[1.0, 0.4353649026824985, 0.1282275423917085, 0.013439295589475861], [0.9131379416196829, 0.5025880634914704, 0.5118913978859962, 0.010339022516126263], [0.818004075190942, 0.5367212009992776, 0.4736259217044557, 0.010336481859362536], [0.9007343323061457, 0.8914271783806826, 0.5077521527645033, 0.010336481859362536], [0.2699060654952554, 0.678384903928629, 0.5170594361374644, 0.010336605585565947], [0.02482168338703574, 0.6825262056480166, 0.5170619552894697, 0.01033894429092793], [0.9110649852668578, 0.9338144605074566, 0.12409074920555813, 0.01137075722058203], [0.0847971974345541, 0.6297811223879127, 0.5170594020484522, 0.01033656670686392], [0.9152013865442655, 0.8759028913448229, 0.12719304409458707, 0.010336547123245821]]}
{"train_accuracy": 0.4337502372708836, "train_recall": 0.22538757361213138, "train_precision": 0.6968702790041842, "train_loss": 32966406984.753376, "test_accuracy": 0.4337502372708836, "test_recall": 0.2253879275485145, "test_precision": 0.6968698481241358, "test_loss": 0, "X": [[1.0, 0.43536446026261316, 0.1282267220216318, 0.013438426686097493], [0.9131388494787512, 0.5025886130993501, 0.511891187287915, 0.010338574692507513], [0.8180061311597023, 0.5367231454176044, 0.4736251494843813, 0.010335525909172328], [0.9007364210838492, 0.8914292634673783, 0.5077513940781231, 0.010335525909172328], [0.269905892863019, 0.6783845320794136, 0.5170587070305546, 0.010335674379722045], [0.024822214468476773, 0.6825267932017448, 0.5170617300088174, 0.010338480822392127], [0.9110649523311641, 0.9338141675038709, 0.1240898711299334, 0.011369831109695501], [0.08479696783944411, 0.6297807801666389, 0.5170586661243404, 0.010335627725803409], [0.915201332933032, 0.8759024975389362, 0.12719214929852152, 0.010335604225388827]]}
