{"train_accuracy": 0.43633888701266743, "train_recall": 0.23207927183960028, "train_precision": 0.6973068395110306, "train_loss": 32966320828.648327, "test_accuracy": 0.44178202175118025, "test_recall": 0.24591305234205899, "test_precision": 0.6984154348218338, "test_loss": 0, "X": [[1.0, 0.4309443689649434, 0.12003707897599478, 0.004761349712645939], [0.9221774666812513, 0.5080490251615767, 0.5097854737244947, 0.005852913412393699], [0.8384763144803241, 0.5560728964695907, 0.46592465885269424, 0.0007896174232547899], [0.9215361433070063, 0.912191912564008, 0.5001868382437096, 0.0007896174232547899], [0.26817250742965165, 0.6746769011551154, 0.5097860171467692, 0.0010334235540182572], [0.030074857516585757, 0.6883688434302822, 0.5148108947543031, 0.005697794279933418], [0.9107312473986765, 0.930893681184348, 0.11532277798630648, 0.0021207067806170562], [0.08249520291915499, 0.62637174101218, 0.5097213066518067, 0.0009589551284572773], [0.9146645823584201, 0.8719839414716769, 0.11826166794358245, 0.0009216183920451633]]}
{"train_accuracy": 0.44384060862608415, "train_recall": 0.25140260564425887, "train_precision": 0.6985190859813231, "train_loss": 32966210197.661316, "test_accuracy": 0.4475477185765791, "test_recall": 0.26141546592273956, "test_precision": 0.6985596946214002, "test_loss": 0, "X": [[1.0, 0.42654001636451344, 0.11192149718434641, 0.0], [0.9309481489619331, 0.5132578320127766, 0.5076820490467064, 0.0013416139582974258], [0.8583912044843662, 0.5748437012475357, 0.45836533013176795, 0.0], [0.9417875289657861, 0.9324054424616256, 0.4927663139803577, 0.0], [0.26635974947439467, 0.6710130048565363, 0.5026264063387935, 0.0], [0.03498367411298527, 0.6939772357138101, 0.5125649500038439, 0.0010341758552360498], [0.9104077941965038, 0.9280634837746593, 0.10665858506304358, 0.0], [0.08011631740030875, 0.6230254900158171, 0.5025173785192452, 0.0], [0.9141288653988208, 0.8681611489190518, 0.1094274704606291, 0.0]]}
{"train_accuracy": 0.4493736565415396, "train_recall": 0.2662920014093747, "train_precision": 0.6986361981807309, "train_loss": 32966117830.194027, "test_accuracy": 0.45314713918203814, "test_recall": 0.27639193003810303, "test_precision": 0.6987635982936001, "test_loss": 0, "X": [[1.0, 0.4221606729428945, 0.10388362222415115, 0.0], [0.9394907808588935, 0.5182627156889905, 0.5055871894036544, 0.0], [0.8778225725348363, 0.5931172118355086, 0.4509304622298211, 0.0], [0.9615594433287469, 0.9521390453644295, 0.48547192143231643, 0.0], [0.26449328093706775, 0.6673914347817597, 0.49556927675503226, 0.0], [0.03961998677395519, 0.6993931556121807, 0.5103298326289817, 0.0], [0.9100933024065941, 0.9253081835294358, 0.09809440687882044, 0.0], [0.07768726515794212, 0.619735333357089, 0.4954311739071661, 0.0], [0.9135954632005374, 0.8644198889008068, 0.10068886130849987, 0.0]]}
{"train_accuracy": 0.45503738286741735, "train_recall": 0.2813741155350996, "train_precision": 0.6989002004430848, "train_loss": 32966031687.885426, "test_accuracy": 0.45854927902378406, "test_recall": 0.2911206386852821, "test_precision": 0.6986732367052916, "test_loss": 0, "X": [[1.0, 0.41780791395039046, 0.09592319500869466, 0.0], [0.947818672559516, 0.5230773507603194, 0.503499913898803, 0.0], [0.8968052121195285, 0.6109309089936106, 0.4436152913959136, 0.0], [0.9808858895094958, 0.9714268133031118, 0.4782985708192817, 0.0], [0.26258207409189394, 0.6638120682409877, 0.48861097968708456, 0.0], [0.044005824601649826, 0.7046284594216458, 0.5081044037837937, 0.0], [0.9097885036897011, 0.9226237888492096, 0.08962929420146752, 0.0], [0.07521788043484058, 0.616500411738645, 0.488458140983359, 0.0], [0.9130656032119917, 0.8607562579065247, 0.09204526445916474, 0.0]]}
{"train_accuracy": 0.4601991800790983, "train_recall": 0.2957835735647039, "train_precision": 0.6984930566264511, "train_loss": 32965949722.218697, "test_accuracy": 0.46359980437281195, "test_recall": 0.3052313744075326, "test_precision": 0.6982870968094551, "test_loss": 0, "X": [[1.0, 0.41348194694872564, 0.08803931403211111, 0.0], [0.9559419515375159, 0.5277113040528958, 0.5014211018610675, 0.0], [0.915364542970179, 0.6283113544201872, 0.43641668962465224, 0.0], [0.9997919513672213, 0.9902938679225411, 0.4712429955884424, 0.0], [0.2606305607747894, 0.6602740995923455, 0.48174866717846176, 0.0], [0.04815509089125458, 0.7096918873644316, 0.5058894119299188, 0.0], [0.9094934085174062, 0.9200076874810338, 0.08126177903026366, 0.0], [0.07271337746291244, 0.6133201288015157, 0.481595190468677, 0.0], [0.9125393945003503, 0.8571674143927838, 0.08349518517368736, 0.0]]}
{"train_accuracy": 0.4654504311411475, "train_recall": 0.31027709148529936, "train_precision": 0.6982657785477463, "train_loss": 32965871010.060978, "test_accuracy": 0.46932186517364094, "test_recall": 0.3208449240125131, "test_precision": 0.6982126537995405, "test_loss": 0, "X": [[0.9818135522059364, 0.40169021664735405, 0.07867931273466307, 0.0], [0.9464345316704251, 0.5225478133050676, 0.4902461594952848, 0.0], [0.9167608338440381, 0.6337476689137356, 0.4214399582982928, 0.0], [1.0, 0.9906355938074404, 0.45577611433763393, 0.0], [0.25391505059448155, 0.6447909273176587, 0.46626140712138114, 0.0], [0.05117929749987469, 0.7016536855161999, 0.494499722500747, 0.0], [0.8926695133759098, 0.9007422622311028, 0.0715649397701522, 0.0], [0.06887169590389706, 0.5990597200415043, 0.46612392775257133, 0.0], [0.8954243655174957, 0.8380843540741142, 0.07357218032171288, 0.0]]}
