{"train_accuracy": 0.43449951374540513, "train_recall": 0.2273193583912034, "train_precision": 0.6970053947172793, "train_loss": 32966380921.82136, "test_accuracy": 0.43597820082010463, "test_recall": 0.2312682266176795, "test_precision": 0.6971032157745517, "test_loss": 0, "X": [[1.0, 0.4340413671644642, 0.12577351423783212, 0.010839797670951558], [0.915851789111161, 0.5042302569427135, 0.5112635103020805, 0.00899943654852053], [0.8241515991072376, 0.5425338342978334, 0.4713181747227125, 0.007477150330760482], [0.9069803534629389, 0.8976621185979212, 0.5054850358944403, 0.007477150330760482], [0.26939016093210616, 0.6772751949377716, 0.5148798565888758, 0.007550715302958095], [0.02640654708610881, 0.6842830705714572, 0.5163902801154705, 0.008952621638581222], [0.9109686958289037, 0.9329401488795034, 0.12146490170873017, 0.008600781094985877], [0.08411011898928814, 0.6287607260195929, 0.514860704108069, 0.0075282799791461345], [0.9150399444306522, 0.8747283914710363, 0.12451755591983424, 0.007516622653652274]]}
{"train_accuracy": 0.4367660607268774, "train_recall": 0.23329681299753502, "train_precision": 0.6972428638673951, "train_loss": 32966342145.889122, "test_accuracy": 0.43833339783043984, "test_recall": 0.23732513994202167, "test_precision": 0.69752216651661, "test_loss": 0, "X": [[1.0, 0.4327171385058269, 0.1233223942413716, 0.008242323277435933], [0.9185449040921553, 0.5058515194428268, 0.510634729154125, 0.00765517050995613], [0.8302567599969026, 0.548301337501052, 0.4690198463848021, 0.004622679921065513], [0.9131848254368446, 0.9038554180748458, 0.5032276733787759, 0.004622679921065513], [0.26886591800553716, 0.6761677798305509, 0.5127073275440999, 0.004767311562584284], [0.027961709337905174, 0.6860208809427261, 0.5157178903663416, 0.007561801833674489], [0.9108731888456739, 0.9320728556886598, 0.11884436748651345, 0.0058351000908740585], [0.08341459352065654, 0.627744472662639, 0.5126708984471935, 0.004724039786675498], [0.9148783607395156, 0.8735609541860644, 0.1218467012813676, 0.0047003937836438804]]}
{"train_accuracy": 0.43920255854088486, "train_recall": 0.23945636787298213, "train_precision": 0.6977913738368459, "train_loss": 32966303957.945766, "test_accuracy": 0.44093387523151495, "test_recall": 0.24377102935141334, "test_precision": 0.6982353588208489, "test_loss": 0, "X": [[1.0, 0.4313944550205288, 0.12087829544057761, 0.005651246953719334], [0.9212131429096018, 0.5074494844507073, 0.5100061976940267, 0.006308625053077858], [0.8363102845584327, 0.5540150421804126, 0.4667347358522675, 0.0017778660531972798], [0.9193382970225414, 0.9099976456203238, 0.5009837909937171, 0.0017778660531972798], [0.2683343948457771, 0.6750645092287021, 0.5105454266218563, 0.00199106760108761], [0.029485066016351223, 0.6877370464070299, 0.5150459967906523, 0.006168958968335969], [0.9107786391239302, 0.9312139690285639, 0.11623353933060167, 0.0030783653034560125], [0.08271200977314558, 0.6267340938010453, 0.5104935984249847, 0.0019285592124913672], [0.9147169127754222, 0.8724024629999354, 0.11918495050250238, 0.0018925909623912095]]}
{"train_accuracy": 0.4416953238602586, "train_recall": 0.2457343144685831, "train_precision": 0.6983518124932734, "train_loss": 32966267441.941196, "test_accuracy": 0.4430681361595544, "test_recall": 0.249409589870907, "test_precision": 0.6984063506127762, "test_loss": 0, "X": [[1.0, 0.4300733570765243, 0.11844125296558376, 0.003066624726403869], [0.9238568701251737, 0.5090245175078807, 0.5093780106234356, 0.00495997615113923], [0.8423131062627632, 0.5596759337081951, 0.4644627990167233, 0.0], [0.9254416864258556, 0.9160897211575024, 0.49875333833400026, 0.0], [0.26779578985878844, 0.6739653822042536, 0.5083941033659515, 0.0], [0.030977153097754107, 0.6894318960497707, 0.5143746885274879, 0.004774264704584088], [0.9106850576951558, 0.930363418927856, 0.11363244351729333, 0.00033062319796207896], [0.08200261558178948, 0.6257296154624445, 0.5083287549304627, 0.0], [0.9145556096290567, 0.8712528405783115, 0.11653232322441388, 0.0]]}
{"train_accuracy": 0.44363758628019084, "train_recall": 0.25091983641768245, "train_precision": 0.6984442793696332, "train_loss": 32966235939.54408, "test_accuracy": 0.4447839505782979, "test_recall": 0.2539240484376098, "test_precision": 0.6985586835603267, "test_loss": 0, "X": [[1.0, 0.42875414961621333, 0.11601127491367809, 0.0004885869367914924], [0.9264777324824034, 0.5105785265930296, 0.5087503383614582, 0.003609946377459006], [0.8482681957050954, 0.5652873552403661, 0.46220319148509914, 0.0], [0.9314978546652926, 0.9221345180322664, 0.49653542580618065, 0.0], [0.26725101285645775, 0.6728702154420322, 0.5062527576164363, 0.0], [0.03244079317322808, 0.6911070853386618, 0.5137041204766287, 0.003378426443644457], [0.9105923496921376, 0.9295205156662213, 0.11104078098654166, 0.0], [0.081287358675994, 0.6247306489468921, 0.5061755627443664, 0.0], [0.9143944309214157, 0.8701113978982513, 0.11388858213330222, 0.0]]}
{"train_accuracy": 0.44535535283687555, "train_recall": 0.25542031449725194, "train_precision": 0.6986159938314361, "train_loss": 32966206995.505463, "test_accuracy": 0.4464724350658634, "test_recall": 0.25834789929023366, "test_precision": 0.6987235541566933, "test_loss": 0, "X": [[1.0, 0.42743719599013225, 0.11358830516709087, 0.0], [0.9290778147602242, 0.5121139281902378, 0.5081233544290645, 0.0022593948077599593], [0.8541791802822015, 0.5708534022353509, 0.45995476224363224, 0.0], [0.9375102914724315, 0.9281355414635292, 0.4943288456096065, 0.0], [0.266701194121535, 0.6717787662307615, 0.5041205895463622, 0.0], [0.03387954500002799, 0.6927647131598441, 0.5130344479879447, 0.0019822845997342522], [0.9105003419609702, 0.9286843090266508, 0.10845805062806062, 0.0], [0.08056738443448386, 0.6237366519544583, 0.504032937685853, 0.0], [0.9142333631916457, 0.8689772495955292, 0.11125336809617134, 0.0]]}
