{"train_accuracy": 0.6563735409060745, "train_recall": 0.9203239650501979, "train_precision": 0.6716643543852969, "train_loss": 36364501003.398964, "test_accuracy": 0.6679757856809764, "test_recall": 0.9589246209297094, "test_precision": 0.6707947502829008, "test_loss": 0, "X": [[0.0, 0.0, 0.0, 0.0], [0.06398834803226905, 0.0, 0.3221593559316527, 0.3562766409368318], [0.9999999983773501, 0.9999999928603401, 0.13869928368970175, 0.13869928368970175], [1.0, 0.999999999817452, 0.13869928368970175, 0.13869928368970175], [0.0, 0.0, 0.0, 0.0], [0.0, 0.0, 0.16444930838607322, 0.2470521898397333], [0.10861963876899658, 0.15851271812001763, 0.10331250312824405, 0.11420590553197259], [0.0, 0.3352087415405334, 0.0, 0.0], [0.02625090709165197, 0.04281933687909955, 0.0, 0.0]]}
{"train_accuracy": 0.6679757856809764, "train_recall": 0.9589246209297094, "train_precision": 0.6707947502829008, "train_loss": 36927898585.14114, "test_accuracy": 0.6679757856809764, "test_recall": 0.9589246209297094, "test_precision": 0.6707947502829008, "test_loss": 0, "X": [[0.0, 0.0, 0.0, 0.0], [0.0678951096586239, 0.0, 0.5046830533762182, 0.5965032858186278], [0.9999999985524766, 0.9999999936308919, 0.16361777500211921, 0.16361777500211921], [1.0, 0.9999999998371575, 0.16361777500211921, 0.16361777500211921], [0.0, 0.0, 0.0, 0.0], [0.0, 0.0, 0.0, 0.0], [0.06847214052582648, 0.17181619098647877, 0.0, 0.08079116274431605], [0.0, 0.3339952224357699, 0.0, 0.0], [0.04228831936484578, 0.036278182712523005, 0.0, 0.0]]}
{"train_accuracy": 0.6679757856809764, "train_recall": 0.9589246209297094, "train_precision": 0.6707947502829008, "train_loss": 36902601972.80324, "test_accuracy": 0.6679757856809764, "test_recall": 0.9589246209297094, "test_precision": 0.6707947502829008, "test_loss": 0, "X": [[0.0, 0.0, 0.0, 0.0], [0.05741537083854298, 0.0, 0.426666072912608, 0.6636848960957885], [0.9999999986754975, 0.9999999941721869, 0.1439344298422923, 0.1439344298422923], [1.0, 0.9999999998509984, 0.1439344298422923, 0.1439344298422923], [0.0, 0.0, 0.0, 0.0], [0.0, 0.0, 0.0, 0.0], [0.08393362638239427, 0.1695305847322787, 0.03605051760944946, 0.17261917454108766], [0.0, 0.34143228263481673, 0.0, 0.0], [0.0366811505114521, 0.0362790851374871, 0.0, 0.0]]}
{"train_accuracy": 0.6679757856809764, "train_recall": 0.9589246209297094, "train_precision": 0.6707947502829008, "train_loss": 36949196632.57467, "test_accuracy": 0.6679757856809764, "test_recall": 0.9589246209297094, "test_precision": 0.6707947502829008, "test_loss": 0, "X": [[0.0, 0.0, 0.0, 0.0], [0.055409020038512766, 0.0, 0.44923653912603845, 0.6464832305635634], [0.9999999987645853, 0.9999999945641749, 0.1634372696073135, 0.1634372696073135], [1.0, 0.9999999998610299, 0.1634372696073135, 0.1634372696073135], [0.0, 0.0, 0.0, 0.0], [0.0, 0.0, 0.0, 0.0], [0.06630216554998086, 0.17959589294276607, 0.0, 0.14008942065702856], [0.0, 0.3442342675176065, 0.0, 0.0], [0.04250673287954939, 0.03125143281489945, 0.0, 0.0]]}
{"train_accuracy": 0.6679757856809764, "train_recall": 0.9589246209297094, "train_precision": 0.6707947502829008, "train_loss": 36967697502.02541, "test_accuracy": 0.6679757856809764, "test_recall": 0.9589246209297094, "test_precision": 0.6707947502829008, "test_loss": 0, "X": [[0.0, 0.0, 0.0, 0.0], [0.05238624194629835, 0.0, 0.43638784993853164, 0.6439423069038364], [0.9999999988586559, 0.9999999949780435, 0.1522101324585423, 0.1522101324585423], [1.0, 0.9999999998716098, 0.1522101324585423, 0.1522101324585423], [0.0, 0.0, 0.0, 0.0], [0.0, 0.0, 0.0, 0.0], [0.06661278895641709, 0.17121501353276516, 0.0, 0.17957738883041854], [0.0, 0.3426785684754202, 0.0, 0.0], [0.037215587726382136, 0.02722858810793425, 0.0, 0.0]]}
{"train_accuracy": 0.6679757856809764, "train_recall": 0.9589246209297094, "train_precision": 0.6707947502829008, "train_loss": 36961000364.95543, "test_accuracy": 0.6679757856809764, "test_recall": 0.9589246209297094, "test_precision": 0.6707947502829008, "test_loss": 0, "X": [[0.0, 0.0, 0.0, 0.0], [0.04776892724799224, 0.0, 0.4397149966504372, 0.6460505665480123], [0.999999998924448, 0.9999999952675626, 0.160222527465341, 0.160222527465341], [1.0, 0.9999999998790066, 0.160222527465341, 0.160222527465341], [0.0, 0.0, 0.0, 0.0], [0.0, 0.0, 0.0, 0.0], [0.06134289060193782, 0.17509593575748814, 0.0, 0.1624004393041858], [0.0, 0.3446951072321895, 0.0, 0.0], [0.03789705377661198, 0.02563428519887878, 0.0, 0.0]]}
