{"train_accuracy": 0.4339855273086299, "train_recall": 0.22599191998630974, "train_precision": 0.6969157187233271, "train_loss": 32966398097.33902, "test_accuracy": 0.4345386713358744, "test_recall": 0.22739085354059377, "test_precision": 0.6970479786869888, "test_loss": 0, "X": [[1.0, 0.4349105372664881, 0.1273846605856291, 0.012546490886669218], [0.91407064089114, 0.5031527812511281, 0.5116751209180428, 0.009878624802173394], [0.8201165939163454, 0.5387189131261063, 0.472832431115887, 0.00935389804961097], [0.9028806176781807, 0.8935696650049741, 0.5069725909176438, 0.00935389804961097], [0.26973003549424673, 0.6780046047548964, 0.5163104788083567, 0.009379586383010237], [0.025366357280106715, 0.6831297595156682, 0.5168305534916678, 0.009862416241948179], [0.911031011833391, 0.9335127604089265, 0.123188170283612, 0.010418751569977167], [0.08456248463018942, 0.6294306705357386, 0.5163034530457872, 0.009371599263919346], [0.9151465837962298, 0.8754988220559059, 0.1262736696643665, 0.009367546497829558]]}
{"train_accuracy": 0.4347839517266143, "train_recall": 0.22804775946766553, "train_precision": 0.6970620484251102, "train_loss": 32966384606.400345, "test_accuracy": 0.43526532597660583, "test_recall": 0.22940121219671855, "test_precision": 0.6970124848570228, "test_loss": 0, "X": [[1.0, 0.43445448648036683, 0.12653915677059463, 0.011650782156625817], [0.9150041497844675, 0.5037169864877313, 0.5114579683621474, 0.009416039180636186], [0.8222314830086712, 0.5407182618908293, 0.47203726688793785, 0.00836843210560911], [0.9050294892198022, 0.8957147135210497, 0.5061914444500285, 0.00836843210560911], [0.2695523792521492, 0.6776232321306304, 0.5155597271687605, 0.008419494810026186], [0.0259094020940407, 0.6837331605036238, 0.5165982440074666, 0.009383665447531012], [0.9109970056859052, 0.9332108360217551, 0.12228304395873549, 0.009463903375704933], [0.08432591976089399, 0.6290794665718517, 0.5155458979680679, 0.00840371282830533], [0.9150915711652828, 0.8750941734727371, 0.12535161058264566, 0.00839557381500366]]}
{"train_accuracy": 0.4355096877141969, "train_recall": 0.23004555338218954, "train_precision": 0.6970385435998299, "train_loss": 32966371190.529503, "test_accuracy": 0.43605904229720244, "test_recall": 0.23146643099222702, "test_precision": 0.697129465339801, "test_loss": 0, "X": [[1.0, 0.43399861194595896, 0.1256944769720337, 0.010755820926753782], [0.9159346692971398, 0.5042783884727151, 0.5112408315777974, 0.008953158773488243], [0.8243401452830398, 0.5427111210992834, 0.47124366952078406, 0.00738410027694861], [0.9071722112194398, 0.8978536038015946, 0.5054118967195486, 0.00738410027694861], [0.26937383443769997, 0.6772423479691145, 0.5148102375269257, 0.007460241944357637], [0.026448617004433156, 0.684333959705131, 0.5163659802076025, 0.008904650759312587], [0.9109631104922388, 0.9329099135224004, 0.12137905973200415, 0.008510104669776575], [0.08408848449733898, 0.6287289508955904, 0.5147898257716423, 0.00743685363310291], [0.9150365718346066, 0.874690591935005, 0.1244306237019446, 0.007424589966070885]]}
{"train_accuracy": 0.4363231550774936, "train_recall": 0.23213891012015608, "train_precision": 0.6971853854980677, "train_loss": 32966357844.27183, "test_accuracy": 0.4368679163947549, "test_recall": 0.23356527374413197, "test_precision": 0.6972534401337224, "test_loss": 0, "X": [[1.0, 0.43354291514152865, 0.12485062235241293, 0.009861609184286562], [0.9168622147417093, 0.5048370023485956, 0.5110237144134812, 0.008489990599233069], [0.8264426201228463, 0.5446975321893186, 0.47045163705176984, 0.0064009039847819525], [0.9093088224562372, 0.8999863746937307, 0.5046339455142932, 0.0064009039847819525], [0.2691944091377072, 0.6768619521690369, 0.5140620076709344, 0.006501829272293633], [0.026984024115148768, 0.6849321708020392, 0.5161337657058879, 0.008425379011605094], [0.9109293267136436, 0.9326099900137691, 0.12047621841921234, 0.00755735706291842], [0.08385018896649753, 0.6283791245687183, 0.5140352343297976, 0.006471023223688537], [0.9149815861859767, 0.8742880742303064, 0.12351070960937734, 0.006454596387155597]]}
{"train_accuracy": 0.4371118188057716, "train_recall": 0.2342120924842848, "train_precision": 0.6972740103990226, "train_loss": 32966344569.288425, "test_accuracy": 0.43767013025697826, "test_recall": 0.23561845870261433, "test_precision": 0.6974074103174541, "test_loss": 0, "X": [[1.0, 0.4330873975666751, 0.12400759417433561, 0.008968149013667973], [0.9177868011965484, 0.5053928430600748, 0.510806620709798, 0.008026541673489885], [0.8285389463788635, 0.5466775360551268, 0.4696611676516987, 0.005418844765543244], [0.9114393611799633, 0.9021130645148391, 0.5038575887571515, 0.005418844765543244], [0.26901411137573616, 0.6764820446598031, 0.5133150354732318, 0.005544258359096194], [0.027515645259045603, 0.6855278072884922, 0.5159016041112822, 0.007945857039284585], [0.9108956548143172, 0.9323110626613953, 0.11957452095304374, 0.006605662277101232], [0.08361104322783118, 0.6280299886831857, 0.5132821216089232, 0.005506223228785369], [0.9149266146016929, 0.8738866172109979, 0.12259186897250192, 0.005485594596702727]]}
{"train_accuracy": 0.4379131140148461, "train_recall": 0.2362730640431958, "train_precision": 0.6974153993701345, "train_loss": 32966331363.105667, "test_accuracy": 0.43849347314162496, "test_recall": 0.2377042058083438, "test_precision": 0.6975876877502276, "test_loss": 0, "X": [[1.0, 0.4326320607403573, 0.12316539373575755, 0.008075442536943622], [0.9187084435357457, 0.5059459253720807, 0.5105895542988907, 0.0075628190077046435], [0.8306291623786675, 0.5486511730580022, 0.4688722595616693, 0.004437924209983495], [0.9135638651200413, 0.9042337110616356, 0.5030828244424841, 0.004437924209983495], [0.26883294911574085, 0.6761026254024725, 0.5125693188868552, 0.004587530843792422], [0.02804350203259113, 0.6861208824883205, 0.5156694990282565, 0.0074660916766523975], [0.9108620952617122, 0.9320131286875111, 0.11867396831265688, 0.005655022083421276], [0.08337105727825282, 0.6276815443623516, 0.512530485664018, 0.004542455354010699], [0.9148716574649113, 0.8734862177937378, 0.12167410252343815, 0.004517586182157599]]}
