{"train_accuracy": 0.4337481703012987, "train_recall": 0.2253835033437255, "train_precision": 0.6968683706696126, "train_loss": 32966406971.858505, "test_accuracy": 0.43375414154676617, "test_recall": 0.22539571414894316, "test_precision": 0.6968733329138546, "test_loss": 0, "X": [[1.0, 0.4353626927241966, 0.1282234414629132, 0.013434952152641885], [0.9131424844102592, 0.5025908163211745, 0.5118903504241242, 0.01033678623440302], [0.8180143549474883, 0.5367309221893491, 0.4736220609720035, 0.010331701135064545], [0.9007447763469427, 0.891437603939494, 0.5077483597992749, 0.010331701135064545], [0.2699052120323472, 0.6783830540700477, 0.5170557941258459, 0.010331950443591779], [0.024824342187742418, 0.682529149068181, 0.5170608349208276, 0.01033663023709412], [0.9110648203843265, 0.9338129908396394, 0.1240863556632431, 0.011366123238756222], [0.08479605612098898, 0.6297794201825109, 0.517055725101656, 0.010331872746083532], [0.9152011169359713, 0.8759009265190619, 0.12718857346893564, 0.010331834956534875]]}
{"train_accuracy": 0.4337570123378563, "train_recall": 0.22540190803564777, "train_precision": 0.6968753248600708, "train_loss": 32966406841.177086, "test_accuracy": 0.43376057211880803, "test_recall": 0.22541164128618357, "test_precision": 0.6968752957808587, "test_loss": 0, "X": [[1.0, 0.4353582707090725, 0.12821523880428104, 0.013426264317233155], [0.9131515661901822, 0.5025963169269223, 0.5118882499844427, 0.010332310841457536], [0.8180349138901072, 0.5367503648019131, 0.47361433931401503, 0.010322140815805748], [0.9007656636219252, 0.8914584542770867, 0.5077407735783864, 0.010322140815805748], [0.2699034953407883, 0.6783793450209591, 0.5170485067256891, 0.010322639401703615], [0.0248296560505725, 0.6825350300035079, 0.5170585881651959, 0.010331998851300836], [0.9110644908248099, 0.9338100562452976, 0.12407757189102378, 0.011356858847525757], [0.08479376677722966, 0.629776006949429, 0.5170483686994709, 0.010322484025775389], [0.9152005792780721, 0.8758969927795897, 0.12717962901058216, 0.01032240844470895]]}
{"train_accuracy": 0.4337620649301749, "train_recall": 0.22541624245916414, "train_precision": 0.6968746512253888, "train_loss": 32966406709.435837, "test_accuracy": 0.43376746201742433, "test_recall": 0.2254272144870409, "test_precision": 0.6968792141823563, "test_loss": 0, "X": [[1.0, 0.4353538487102238, 0.12820703622267343, 0.013417576551556452], [0.9131606476872396, 0.5026018172672374, 0.5118861495454868, 0.010327835419688396], [0.8180554722424024, 0.5367698067992183, 0.4736066178031451, 0.010312580602607702], [0.9007865503139205, 0.8914793040308636, 0.5077331875076408, 0.010312580602607702], [0.2699017785646183, 0.6783756360175291, 0.5170412194440562, 0.0103133284381468], [0.024834969550507017, 0.6825409106923492, 0.5170563414131301, 0.010327367439609433], [0.9110641612754843, 0.9338071217452062, 0.12406878822568114, 0.011347594554375921], [0.08479147735032876, 0.6297725937806634, 0.5170410124365697, 0.010313095401510673], [0.9152000416211564, 0.8758930591404305, 0.12717068465255268, 0.010312982025276902]]}
{"train_accuracy": 0.43376998831358365, "train_recall": 0.22543358534193705, "train_precision": 0.6968798466045389, "train_loss": 32966406577.894436, "test_accuracy": 0.4337745815793278, "test_recall": 0.2254449113061969, "test_precision": 0.6968813096847284, "test_loss": 0, "X": [[1.0, 0.4353494267276503, 0.1281988337180936, 0.013408888855613782], [0.9131697289014499, 0.5026073173421528, 0.5118840491072609, 0.010323359969101989], [0.818076030004411, 0.536789248181314, 0.4735988964393963, 0.01030302049547173], [0.9008074364229642, 0.8915001532008616, 0.5077256015870366, 0.01030302049547173], [0.2699000617038445, 0.6783719270597683, 0.5170339322809604, 0.010304017552922673], [0.02484028268756686, 0.6825467911347294, 0.5170540946646429, 0.010322736002026208], [0.9110638317363552, 0.9338041873393523, 0.12406000466721627, 0.011338330359307962], [0.08478918784029625, 0.6297691806762123, 0.517033656312976, 0.010303706873290913], [0.9151995039652471, 0.8758891256015758, 0.12716174039484776, 0.01030355569823995]]}
{"train_accuracy": 0.43377492607425866, "train_recall": 0.2254484506700281, "train_precision": 0.69687814537657, "train_loss": 32966406447.372387, "test_accuracy": 0.4337794045083592, "test_recall": 0.2254601305706711, "test_precision": 0.6968787964815146, "test_loss": 0, "X": [[1.0, 0.4353450047613521, 0.12819063129054084, 0.013400201229406616], [0.9131788098328099, 0.5026128171516718, 0.5118819486697589, 0.010318884489704673], [0.8180965871761644, 0.5368086889482272, 0.4735911752227599, 0.010293460494398787], [0.9008283219490776, 0.8915210017871077, 0.50771801581658, 0.010293460494398787], [0.2698983447584722, 0.6783682181476662, 0.5170266452363863, 0.010294706746032337], [0.024845595461772226, 0.6825526713306491, 0.5170518479197244, 0.010318104538557202], [0.9110635022074086, 0.9338012530277284, 0.12405122121562752, 0.011329066262323285], [0.08478689824713939, 0.6297657676360625, 0.5170263003286597, 0.010294318441117023], [0.9151989663103209, 0.8758851921630212, 0.12715279623746753, 0.010294129463599297]]}
{"train_accuracy": 0.4337828494576674, "train_recall": 0.22546880201205755, "train_precision": 0.6968796783356243, "train_loss": 32966406315.354618, "test_accuracy": 0.4337885910398476, "test_recall": 0.22548172069004147, "test_precision": 0.6968830144552126, "test_loss": 0, "X": [[1.0, 0.43534058281133386, 0.1281824289400187, 0.01339151367293697], [0.9131878904813618, 0.502618316695794, 0.511879848233009, 0.01031440898150307], [0.8181171437577286, 0.5368281291000214, 0.47358345415324676, 0.01028390059939031], [0.9008492068923422, 0.8915418497896797, 0.5077104301962643, 0.01028390059939031], [0.2698966277285097, 0.6783645092812374, 0.5170193583103463, 0.010285396017477052], [0.024850907873144, 0.6825585512801232, 0.5170496011783857, 0.010313473049208776], [0.9110631726886631, 0.9337983188103414, 0.12404243787091847, 0.011319802263423401], [0.08478460857086932, 0.6297623546602366, 0.517018944483637, 0.010284930104990386], [0.9151984286564063, 0.8758812588247773, 0.1271438521804159, 0.010284703321355946]]}
