{"train_accuracy": 0.4337666581959191, "train_recall": 0.22543128475544677, "train_precision": 0.6968715911415908, "train_loss": 32966406183.214725, "test_accuracy": 0.43381063871541975, "test_recall": 0.22555038434836683, "test_precision": 0.6968726369263626, "test_loss": 0, "X": [[1.0, 0.43532288870594754, 0.12814962377855074, 0.013356748864718514], [0.913224347653933, 0.5026404378023763, 0.5118714997809971, 0.010296510678680171], [0.8181994903611743, 0.5369059855750904, 0.47355255096982735, 0.010245601910400363], [0.9009328741217851, 0.8916253684487129, 0.507680071771082, 0.010245601910400363], [0.26988972189193183, 0.678349655486601, 0.516990182656353, 0.010248094756947651], [0.024872204130674428, 0.6825822160324075, 0.5170406624072337, 0.01029494236628387], [0.9110619928733353, 0.9337866628440846, 0.12400727835451655, 0.011282712189589782], [0.08477557074457516, 0.6297487389991766, 0.5169895105855843, 0.010247322497871945], [0.9151963613488953, 0.8758656057678128, 0.12710805213134466, 0.010246955650641315]]}
{"train_accuracy": 0.4338316529061994, "train_recall": 0.22560984566073108, "train_precision": 0.6968700291350763, "train_loss": 32966404870.24084, "test_accuracy": 0.4338859682736245, "test_recall": 0.22574363361355065, "test_precision": 0.6968874849831926, "test_loss": 0, "X": [[1.0, 0.435278664624835, 0.12806761166743522, 0.013269865291244845], [0.9133152640160275, 0.5026955332432067, 0.5118505489220536, 0.01025175719882752], [0.818405124758326, 0.5371004292257671, 0.47347533442247236, 0.010149953545327987], [0.9011417999149641, 0.8918339239598368, 0.5076042129245847, 0.010149953545327987], [0.26987250686392683, 0.6783125527468774, 0.516917296057446, 0.010154936460738773], [0.02492534364503029, 0.6826411391259831, 0.5170182436468782, 0.010248620873031043], [0.9110588368808111, 0.9337574098253739, 0.12391942848377542, 0.011190047125382924], [0.0847527878899627, 0.6297146511380937, 0.5169159539663976, 0.010153393690724972], [0.9151910681997519, 0.8758263614318593, 0.12701859688710607, 0.010152659637635718]]}
{"train_accuracy": 0.43390836044412745, "train_recall": 0.2258015022121909, "train_precision": 0.696891378485429, "train_loss": 32966403556.420498, "test_accuracy": 0.43395555624964904, "test_recall": 0.22592201755064342, "test_precision": 0.6969013444812073, "test_loss": 0, "X": [[1.0, 0.4352344421703939, 0.1279856072540441, 0.013182988684162728], [0.9134061521017048, 0.5027506021531546, 0.511829598139774, 0.010207000832300844], [0.8186107001785049, 0.5372948114038515, 0.4733981325808012, 0.010054315775483984], [0.9013506674651791, 0.8920424211454206, 0.5075283690865555, 0.010054315775483984], [0.26985528337578024, 0.6782754545808172, 0.5168444213105325, 0.010061785991526498], [0.024978446890166896, 0.6827000375948254, 0.5169958252471718, 0.010202296785190818], [0.91105568191471, 0.9337281662352152, 0.12383158929048498, 0.01109739185782876], [0.08472999671142713, 0.6296805697036588, 0.5168424112686467, 0.010059474475443086], [0.9151857751513681, 0.8757871271370617, 0.12692915167244453, 0.01005837285959301]]}
{"train_accuracy": 0.43397737426193395, "train_recall": 0.22598218673577392, "train_precision": 0.6969005358695314, "train_loss": 32966402245.145794, "test_accuracy": 0.4340223882662271, "test_recall": 0.22610323297880117, "test_precision": 0.6969026222846467, "test_loss": 0, "X": [[1.0, 0.43519022134392765, 0.1279036105393581, 0.013096119045210018], [0.9134970119252854, 0.5028056445463194, 0.5118086474376848, 0.010162241585533546], [0.8188162166584553, 0.5374891321479567, 0.47332094544290176, 0.0099586886020622], [0.9015594768086209, 0.8922508600417189, 0.5074525402548543, 0.0099586886020622], [0.26983805143493256, 0.678238360988262, 0.5167715584134658, 0.00996864335056345], [0.02503151388664118, 0.6827589114517332, 0.5169734072114255, 0.010155970109027294], [0.9110525279754597, 0.933698932070881, 0.12374376077528244, 0.011004746388294564], [0.08470719721829192, 0.6296464946967776, 0.5167688824902437, 0.00996556485331258], [0.9151804822041121, 0.8757479028803997, 0.12683971648776954, 0.009964095317712963]]}
{"train_accuracy": 0.4340463880797405, "train_recall": 0.22616393306850632, "train_precision": 0.6969083903278543, "train_loss": 32966400932.520836, "test_accuracy": 0.4341048373863353, "test_recall": 0.226305330653563, "test_precision": 0.6969302263731197, "test_loss": 0, "X": [[1.0, 0.4351460021467321, 0.12782162152435786, 0.013009256376126068], [0.913587843501065, 0.5028606604367967, 0.5117876968193029, 0.010117479464957908], [0.8190216742348544, 0.5376833914966355, 0.473243773006875, 0.009863072026258241], [0.90176822798141, 0.8924592406849136, 0.507376726427336, 0.009863072026258241], [0.269820811048816, 0.6782012719690523, 0.5166987073641025, 0.00987550853910851], [0.025084544654987596, 0.6828177607094408, 0.5169509895429344, 0.010109640850803906], [0.9110493750634976, 0.9336697073296585, 0.12365594293880341, 0.010912110718148392], [0.08468438941986911, 0.629612426118363, 0.5166953676291125, 0.009871664825625796], [0.9151751893583137, 0.875708688658839, 0.12675029133350063, 0.009869827013202668]]}
{"train_accuracy": 0.43413101900107726, "train_recall": 0.2263699240434825, "train_precision": 0.6969384758468622, "train_loss": 32966399622.496853, "test_accuracy": 0.4341810855976889, "test_recall": 0.2264946866185325, "test_precision": 0.6969527333043994, "test_loss": 0, "X": [[1.0, 0.4351017845801081, 0.12773964021005385, 0.012922400678678534], [0.9136786468433137, 0.5029156498386581, 0.5117667462881471, 0.010072714477001265], [0.8192270729443465, 0.5378775894884156, 0.4731666152708546, 0.00976746604930745], [0.9019769210196442, 0.8926675631111619, 0.5073009276019176, 0.00976746604930745], [0.26980356222486207, 0.6781641875230288, 0.5166258681602943, 0.009782381558424768], [0.025137539215713035, 0.6828765853806914, 0.5169285722450039, 0.010063309016779083], [0.9110462231792337, 0.9336404920088373, 0.12356813578172618, 0.010819484848798046], [0.08466157332546564, 0.6295783639693392, 0.5166218666831771, 0.009777774393684345], [0.9151698966143349, 0.8756694844693699, 0.12666087621005664, 0.009775567947271729]]}
