{"train_accuracy": 0.43374564400513943, "train_recall": 0.22537801732978713, "train_precision": 0.6968666605746854, "train_loss": 32966407058.971916, "test_accuracy": 0.43374564400513943, "test_recall": 0.22537801732978713, "test_precision": 0.6968666605746854, "test_loss": 0, "X": [[1.0, 0.4353670705629587, 0.1282315622111203, 0.013443553209900837], [0.9131334931240168, 0.5025853704927443, 0.5118924298459643, 0.010341216826611195], [0.8179940009915015, 0.5367116733738982, 0.4736297055612278, 0.010341165955767121], [0.9007240973496237, 0.8914169615093325, 0.5077558703089495, 0.010341165955767121], [0.2699069115379733, 0.6783867261110177, 0.5170630087628015, 0.010341168442174167], [0.02481908110506195, 0.6825233267718314, 0.5170630591966717, 0.010341215259034307], [0.911065146676042, 0.9338158962141058, 0.12409505172564782, 0.011375295101683378], [0.08479832247431701, 0.6297827992847117, 0.5170630080561763, 0.010341167647821958], [0.915201649246639, 0.8759048210523763, 0.1271974285903838, 0.010341167296976338]]}
{"train_accuracy": 0.43374564400513943, "train_recall": 0.22537801732978713, "train_precision": 0.6968666605746854, "train_loss": 32966407057.635036, "test_accuracy": 0.43374564400513943, "test_recall": 0.22537801732978713, "test_precision": 0.6968666605746854, "test_loss": 0, "X": [[1.0, 0.43536702633828184, 0.12823148016225577, 0.013443466296353356], [0.9131335839722807, 0.502585425576588, 0.511892408813105, 0.010341172019662856], [0.8179942067383835, 0.5367118679458593, 0.47362962828954686, 0.01034107027833942], [0.9007243063832493, 0.8914171701731972, 0.507755794393055, 0.01034107027833942], [0.2699068944308195, 0.6783866890372438, 0.5170629358302045, 0.010341075251137002], [0.024819134288399443, 0.6825233857046209, 0.5170630366975716, 0.010341168884518397], [0.9110651434038678, 0.9338158668855014, 0.12409496384492152, 0.011375202406747775], [0.08479829955047882, 0.6297827650639223, 0.5170629344169564, 0.010341073662437831], [0.9152016438914303, 0.875904781712091, 0.12719733908422656, 0.010341072960732684]]}
{"train_accuracy": 0.43374598850007023, "train_recall": 0.22537854823436182, "train_precision": 0.6968671581829583, "train_loss": 32966407056.39758, "test_accuracy": 0.4337461033317138, "test_recall": 0.22537872520255336, "test_precision": 0.6968673240520196, "test_loss": 0, "X": [[1.0, 0.4353669821136067, 0.12823139811339807, 0.013443379382812965], [0.9131336748205144, 0.5025854806604056, 0.5118923877802465, 0.010341127212711597], [0.8179944124852042, 0.5367120625177574, 0.47362955101788173, 0.010340974600922464], [0.9007245154168158, 0.8914173788370013, 0.5077557184771748, 0.010340974600922464], [0.2699068773236569, 0.6783866519634746, 0.5170628628976173, 0.010340982060107686], [0.024819187471700557, 0.6825234446373851, 0.5170630141984722, 0.010341122509999922], [0.9110651401316933, 0.9338158375569062, 0.12409487596420675, 0.011375109711821884], [0.08479827662663149, 0.6297827308431369, 0.5170628607777487, 0.010340979677063373], [0.915201638536221, 0.8759047423718141, 0.12719724957807907, 0.01034097862449836]]}
{"train_accuracy": 0.4337461033317138, "train_recall": 0.22537872520255336, "train_precision": 0.6968673240520196, "train_loss": 32966407055.134552, "test_accuracy": 0.4337458736684266, "test_recall": 0.22537872520255336, "test_precision": 0.6968665614253, "test_loss": 0, "X": [[1.0, 0.4353669378889333, 0.12823131606454904, 0.013443292469279432], [0.9131337656687207, 0.5025855357442023, 0.5118923667473881, 0.010341082405757504], [0.8179946182319661, 0.5367122570895916, 0.47362947374623326, 0.010340878923516037], [0.9007247244503215, 0.891417587500743, 0.5077556425613107, 0.010340878923516037], [0.2699068602164842, 0.6783866148897113, 0.5170627899650423, 0.0103408888690862], [0.02481924065496545, 0.6825235035701289, 0.5170629916993742, 0.010341076135478865], [0.9110651368595221, 0.9338158082283226, 0.12409478808350242, 0.011375017016905851], [0.0847982537027765, 0.6297826966223585, 0.5170627871385555, 0.010340885691698571], [0.9152016331810133, 0.875904703031549, 0.12719716007194126, 0.010340884288273207]]}
{"train_accuracy": 0.4337458736684266, "train_recall": 0.22537872520255336, "train_precision": 0.6968665614253, "train_loss": 32966407052.984367, "test_accuracy": 0.4337458736684266, "test_recall": 0.22537872520255336, "test_precision": 0.6968665614253, "test_loss": 0, "X": [[1.0, 0.4353668936642612, 0.12823123401570738, 0.013443205555752746], [0.913133856516899, 0.5025855908279744, 0.5118923457145298, 0.010341037598800517], [0.8179948239786718, 0.5367124516613676, 0.47362939647459884, 0.01034078324612015], [0.9007249334837722, 0.8914177961644284, 0.5077555666454593, 0.01034078324612015], [0.2699068431093036, 0.6783865778159532, 0.5170627170324805, 0.010340795678072456], [0.02481929383819394, 0.6825235625028478, 0.5170629692002763, 0.010341029760955233], [0.9110651335873514, 0.9338157788997482, 0.12409470020280816, 0.01137492432199974], [0.08479823077891327, 0.6297826624015856, 0.5170627134993765, 0.010340791706343243], [0.9152016278258054, 0.8759046636912945, 0.12719707056581345, 0.010340789952057384]]}
{"train_accuracy": 0.4337458736684266, "train_recall": 0.22537872520255336, "train_precision": 0.6968665614253, "train_loss": 32966407051.864513, "test_accuracy": 0.4337461033317138, "test_recall": 0.22537907913893648, "test_precision": 0.6968668931633496, "test_loss": 0, "X": [[1.0, 0.43536684943959114, 0.1282311519668734, 0.013443118642233009], [0.9131339473650459, 0.5025856459117221, 0.5118923246816721, 0.010340992791840762], [0.817995029725319, 0.5367126462330813, 0.47362931920297846, 0.010340687568735], [0.9007251425171637, 0.8914180048280557, 0.5077554907296237, 0.010340687568735], [0.2699068260021154, 0.6783865407422004, 0.5170626440999307, 0.010340702487066568], [0.024819347021386308, 0.6825236214355429, 0.5170629467011782, 0.010340983386429114], [0.9110651303151819, 0.9338157495711861, 0.12409461232212499, 0.011374831627103415], [0.08479820785504173, 0.6297826281808193, 0.5170626398602122, 0.010340697720997622], [0.9152016224705982, 0.8759046243510501, 0.12719698105969515, 0.010340695615850805]]}
