{"train_accuracy": 0.6643195461485983, "train_recall": 0.9467049673024721, "train_precision": 0.6710743219010442, "train_loss": 36734737064.71282, "test_accuracy": 0.6679757856809764, "test_recall": 0.9589246209297094, "test_precision": 0.6707947502829008, "test_loss": 0, "X": [[0.0, 0.0, 0.0, 0.0], [0.06127064491955322, 0.0, 0.43783120922301644, 0.4784203653431565], [0.999999999999992, 0.999999999999992, 0.1473106529902825, 0.1473106529902825], [1.0, 0.999999999999992, 0.1473106529902825, 0.1473106529902825], [0.0, 0.0, 0.0, 0.0], [0.0, 0.0, 0.0, 0.17117901644424988], [0.07751269263933258, 0.17393540631929008, 0.06377622207269956, 0.09540361615109032], [0.0, 0.33813509521400753, 0.0, 0.0], [0.019118421178557974, 0.035078076665846024, 0.0, 0.0]]}
{"train_accuracy": 0.6679757856809764, "train_recall": 0.9589246209297094, "train_precision": 0.6707947502829008, "train_loss": 36932313168.23789, "test_accuracy": 0.6679757856809764, "test_recall": 0.9589246209297094, "test_precision": 0.6707947502829008, "test_loss": 0, "X": [[0.0, 0.0, 0.0, 0.0], [0.030983265545754507, 0.0, 0.44799834471366706, 0.660761275496746], [0.999999999999992, 0.999999999999992, 0.15750678399142923, 0.15750678399142923], [1.0, 0.999999999999992, 0.15750678399142923, 0.15750678399142923], [0.0, 0.0, 0.0, 0.0], [0.0, 0.0, 0.0, 0.0], [0.0534210260636405, 0.18388220230241045, 0.0, 0.12832474751699371], [0.0, 0.31332901382302136, 0.0, 0.0], [0.016009080381078098, 0.04367249086701521, 0.0, 0.0]]}
{"train_accuracy": 0.6679757856809764, "train_recall": 0.9589246209297094, "train_precision": 0.6707947502829008, "train_loss": 36933414657.874985, "test_accuracy": 0.6679757856809764, "test_recall": 0.9589246209297094, "test_precision": 0.6707947502829008, "test_loss": 0, "X": [[0.0, 0.0, 0.0, 0.0], [0.026987863087921008, 0.0, 0.44466071640232957, 0.6579513603677589], [0.999999999999992, 0.999999999999992, 0.15668878922544577, 0.15668878922544577], [1.0, 0.999999999999992, 0.15668878922544577, 0.15668878922544577], [0.0, 0.0, 0.0, 0.0], [0.0, 0.0, 0.0, 0.0], [0.05760207197099596, 0.18855043659754722, 0.0, 0.11971220401809936], [0.0, 0.3147987858236949, 0.0, 0.0], [0.013688826886440058, 0.040678593985233616, 0.0, 0.0]]}
{"train_accuracy": 0.6679757856809764, "train_recall": 0.9589246209297094, "train_precision": 0.6707947502829008, "train_loss": 36930913874.83858, "test_accuracy": 0.6679757856809764, "test_recall": 0.9589246209297094, "test_precision": 0.6707947502829008, "test_loss": 0, "X": [[0.0, 0.0, 0.0, 0.0], [0.02836782681599983, 0.0, 0.44481405589785694, 0.6594110232654605], [0.999999999999992, 0.999999999999992, 0.15676417173141227, 0.15676417173141227], [1.0, 0.999999999999992, 0.15676417173141227, 0.15676417173141227], [0.0, 0.0, 0.0, 0.0], [0.0, 0.0, 0.0, 0.0], [0.05689018749863129, 0.1871196731578398, 0.0, 0.1221124267523294], [0.0, 0.3146324412159014, 0.0, 0.0], [0.01479186287547913, 0.041704877565957386, 0.0, 0.0]]}
{"train_accuracy": 0.6679757856809764, "train_recall": 0.9589246209297094, "train_precision": 0.6707947502829008, "train_loss": 36931814075.65539, "test_accuracy": 0.6679757856809764, "test_recall": 0.9589246209297094, "test_precision": 0.6707947502829008, "test_loss": 0, "X": [[0.0, 0.0, 0.0, 0.0], [0.027821178661165027, 0.0, 0.4445449444019436, 0.6593228143219559], [0.999999999999992, 0.999999999999992, 0.15674386248445524, 0.15674386248445524], [1.0, 0.999999999999992, 0.15674386248445524, 0.15674386248445524], [0.0, 0.0, 0.0, 0.0], [0.0, 0.0, 0.0, 0.0], [0.057057956545513745, 0.18759426937132084, 0.0, 0.1213284491482904], [0.0, 0.31453898668820496, 0.0, 0.0], [0.014516495254771548, 0.041509499366958955, 0.0, 0.0]]}
{"train_accuracy": 0.6679757856809764, "train_recall": 0.9589246209297094, "train_precision": 0.6707947502829008, "train_loss": 36931613988.40539, "test_accuracy": 0.6679757856809764, "test_recall": 0.9589246209297094, "test_precision": 0.6707947502829008, "test_loss": 0, "X": [[0.0, 0.0, 0.0, 0.0], [0.027991788898541033, 0.0, 0.44455778543843494, 0.6593995529518591], [0.999999999999992, 0.999999999999992, 0.15674557763355235, 0.15674557763355235], [1.0, 0.999999999999992, 0.15674557763355235, 0.15674557763355235], [0.0, 0.0, 0.0, 0.0], [0.0, 0.0, 0.0, 0.0], [0.05702728871663339, 0.18744498835556841, 0.0, 0.12156904771720904], [0.0, 0.3145961860136219, 0.0, 0.0], [0.014609203894259497, 0.041589532494775115, 0.0, 0.0]]}
