{"train_accuracy": 0.49552575725440295, "train_recall": 0.39950693122467473, "train_precision": 0.6930299667377346, "train_loss": 33056162644.911144, "test_accuracy": 0.6033981439302117, "test_recall": 0.7278427418177429, "test_precision": 0.6822080954098918, "test_loss": 0, "X": [[0.5983806887914133, 0.15405921805133316, 0.0, 0.0], [0.7427324750030263, 0.41094113096279583, 0.2559023857193111, 0.0], [0.9418113019600852, 0.7439697286243848, 0.10919859200420418, 0.0], [1.0, 0.993453771470509, 0.1332014299456689, 0.0], [0.11266926942130828, 0.31977949473804407, 0.14239339941054854, 0.0], [0.11170138977545262, 0.5294617617542231, 0.25559767751067214, 0.0], [0.5387292633894374, 0.4964898983385519, 0.0, 0.0], [0.0, 0.300745780642942, 0.14319478662104512, 0.0], [0.5350913869994905, 0.4378367438293582, 0.0, 0.0]]}
{"train_accuracy": 0.6221291371401019, "train_recall": 0.7941100738612141, "train_precision": 0.6784014455457579, "train_loss": 33135756620.092064, "test_accuracy": 0.6679757856809764, "test_recall": 0.9589246209297094, "test_precision": 0.6707947502829008, "test_loss": 0, "X": [[0.38982712562069194, 0.0038014830292367584, 0.0, 0.0], [0.5744926981565425, 0.27118330738690244, 0.14886872285951688, 0.0], [0.9506063945964041, 0.782668136224164, 0.0, 0.0], [1.0, 0.9944432193921009, 0.011101654801445161, 0.0], [0.01852891265205746, 0.15260646615452, 0.0, 0.0], [0.030653511145636872, 0.36295943835603395, 0.14418952642940297, 0.0], [0.36535299995545467, 0.31932695486363827, 0.0, 0.0], [0.0, 0.19054688430647237, 0.012527583902389809, 0.0], [0.3410217309231561, 0.2521622728017655, 0.0, 0.0]]}
{"train_accuracy": 0.6467428406202241, "train_recall": 0.880719722556348, "train_precision": 0.6744429730006629, "train_loss": 33039215049.964775, "test_accuracy": 0.6452099530097432, "test_recall": 0.8751450475540076, "test_precision": 0.674714091017435, "test_loss": 0, "X": [[0.32773521506822345, 0.0, 0.026388919825078145, 0.03119633020840895], [0.4567345728209033, 0.16229110872267563, 0.1852507392553407, 0.0517692621135719], [0.9525594214700286, 0.7912614544681009, 0.07402801821945804, 0.07402801821945804], [1.0, 0.9946629349153789, 0.08469071275485711, 0.07402801821945804], [0.023971092561525, 0.1438620720369795, 0.017632380180947257, 0.026540147138021372], [0.0, 0.24201152994902733, 0.17630561733110078, 0.049153495486350146], [0.3358135341989119, 0.32331110251708867, 0.06766919899696308, 0.06874530079406757], [0.04438093357977221, 0.25212458321768505, 0.0709222823075955, 0.06125536744796318], [0.2880576935229992, 0.24870538864881897, 0.04246801427139537, 0.04709960909519755]]}
{"train_accuracy": 0.6615669168197468, "train_recall": 0.9354117421580528, "train_precision": 0.6718048622763441, "train_loss": 33204647179.744293, "test_accuracy": 0.6679757856809764, "test_recall": 0.9589246209297094, "test_precision": 0.6707947502829008, "test_loss": 0, "X": [[0.23645657426753683, 0.0, 0.001747467409901967, 0.0028149180374183592], [0.3723920220824301, 0.08431603170678473, 0.17756835601482615, 0.055596024220963755], [0.9549222487784197, 0.8016578946250286, 0.05785432940254569, 0.05785432940254569], [1.0, 0.9949287529875723, 0.06798595735718303, 0.05785432940254569], [1.1220773745590058e-05, 0.08145926087218741, 0.0, 0.0007104897985207206], [0.0, 0.14892631611407345, 0.1643743541606264, 0.05000831426012431], [0.2640800408654533, 0.265374877504342, 0.048146304045964115, 0.049910096534980554], [0.02742074331561531, 0.2360141217399793, 0.041824703104163294, 0.03472026691819276], [0.20344635108584874, 0.18536542575293752, 0.004513470771653878, 0.01149179529887597]]}
{"train_accuracy": 0.6679757856809764, "train_recall": 0.9589246209297094, "train_precision": 0.6707947502829008, "train_loss": 33503360980.686546, "test_accuracy": 0.6679757856809764, "test_recall": 0.9589246209297094, "test_precision": 0.6707947502829008, "test_loss": 0, "X": [[0.18616773478322968, 0.0, 0.001380552223454546, 0.0062494503598802], [0.31458986401131955, 0.0271695420372057, 0.21125906392362478, 0.09630937831195956], [0.9553301633910236, 0.8034527189204983, 0.09078921743738383, 0.09078921743738383], [1.0, 0.9949746433814851, 0.1008291629327096, 0.09078921743738383], [0.0, 0.060395756645609686, 0.0, 0.0], [0.0, 0.07876925792785693, 0.19348422010379515, 0.08779992131303324], [0.23286260351912444, 0.25627144007914326, 0.07621295411876029, 0.07886205619512433], [0.03246354955864442, 0.26292176716098553, 0.059154464936600794, 0.054542098964668766], [0.1622185865308909, 0.17287477307211074, 0.01205313989024856, 0.022766725515541358]]}
{"train_accuracy": 0.6679757856809764, "train_recall": 0.9589246209297094, "train_precision": 0.6707947502829008, "train_loss": 33822118955.361065, "test_accuracy": 0.6679757856809764, "test_recall": 0.9589246209297094, "test_precision": 0.6707947502829008, "test_loss": 0, "X": [[0.13262232215410896, 0.0, 0.0, 0.0], [0.2768063430624288, 0.0, 0.2290160625629079, 0.11921837963047886], [0.955828807836445, 0.8056467544803595, 0.0926651597454936, 0.0926651597454936], [1.0, 0.9950307408815926, 0.1025930304397082, 0.0926651597454936], [0.0, 0.023888385404943088, 0.0, 0.0], [0.0, 0.025200472745208397, 0.2066452183069954, 0.10764003136393537], [0.1928760466481018, 0.22969703624060078, 0.07462023377849032, 0.07796791527764062], [0.01858652381405764, 0.26449983956856715, 0.04641677381448358, 0.044145609607974194], [0.11711262372330723, 0.14398072180906324, 0.0, 0.006268801016375566]]}
