{"train_accuracy": 0.44089850708528466, "train_recall": 0.24401789997863993, "train_precision": 0.6978466091774562, "train_loss": 32966185767.335987, "test_accuracy": 0.4534955383887352, "test_recall": 0.27728561940548246, "test_precision": 0.6988137888957225, "test_loss": 0, "X": [[1.0, 0.42207868090765854, 0.10365187895420568, 0.0], [0.9400967397215007, 0.5187913203183661, 0.505579987813058, 0.0], [0.8791182300455869, 0.5944309229887054, 0.4506093742090262, 0.0], [0.9628497909446773, 0.953429990343532, 0.4851486430798907, 0.0], [0.26463258950058705, 0.6673154852368474, 0.4953034244179482, 0.0], [0.040305355974366706, 0.6999105843694217, 0.5103165670840633, 0.0], [0.9100997313104924, 0.9251330893029792, 0.09780955198283858, 0.0], [0.0777753174306245, 0.619586035201592, 0.49512271725188844, 0.0], [0.9136174871663556, 0.8642303262842337, 0.10041008146709979, 0.0]]}
{"train_accuracy": 0.45889595575582703, "train_recall": 0.29200724932499905, "train_precision": 0.6987234536283288, "train_loss": 32965918372.65267, "test_accuracy": 0.4699233533228431, "test_recall": 0.32259195399959617, "test_precision": 0.6981145082107532, "test_loss": 0, "X": [[0.9796420944869013, 0.40063901565932253, 0.07807661889340124, 0.0], [0.9453794633031992, 0.5222807835292692, 0.48914346387895535, 0.0], [0.9169498186211117, 0.6345792019329052, 0.41994708665558333, 0.0], [1.0, 0.9906568545948803, 0.4542052864743652, 0.0], [0.2535641245746097, 0.6432320802971053, 0.4647634048479579, 0.0], [0.05219866745371291, 0.7009814671067345, 0.49337731899851744, 0.0], [0.8907103758626785, 0.8984552216546203, 0.0708889017275597, 0.0], [0.06882497527149047, 0.5974663548073459, 0.4645535045161123, 0.0], [0.8934843733183616, 0.8359092894564234, 0.07289966536117529, 0.0]]}
{"train_accuracy": 0.476152510661831, "train_recall": 0.3399130696849418, "train_precision": 0.6977832690378787, "train_loss": 32965683999.973953, "test_accuracy": 0.4865328319171338, "test_recall": 0.3718867976950955, "test_precision": 0.695007724207909, "test_loss": 0, "X": [[0.926546665961452, 0.3660840497125525, 0.050635720552025934, 0.0], [0.9172390532547697, 0.5067205043639663, 0.45646733833712555, 0.0], [0.9203847006523398, 0.6496926828703147, 0.37633990587092514, 0.0], [1.0, 0.9910432788233947, 0.4091812168518243, 0.0], [0.23370464760586532, 0.5980467204903709, 0.41958976197496806, 0.0], [0.060279017720934025, 0.6771007811820833, 0.4600744150063824, 0.0], [0.8416478950277448, 0.8423742850299002, 0.04253553494498644, 0.0], [0.05731740697285673, 0.5558998860113805, 0.419487081117839, 0.0], [0.843529731050791, 0.7803372502708954, 0.04385119143429526, 0.0]]}
{"train_accuracy": 0.49256390467090344, "train_recall": 0.388458983993758, "train_precision": 0.6950012348102508, "train_loss": 32965460518.47045, "test_accuracy": 0.5043050957345672, "test_recall": 0.4214831951890135, "test_precision": 0.6945005693490467, "test_loss": 0, "X": [[0.8767349804969385, 0.3331167955683382, 0.02415569068006177, 0.0], [0.8905618367305785, 0.49140217256533575, 0.42555897696265194, 0.0], [0.9235179589541173, 0.6634790193981392, 0.3351967638763602, 0.0], [1.0, 0.9913957703823424, 0.3667456058077783, 0.0], [0.21440415088639792, 0.5553912155515477, 0.3768224922784037, 0.0], [0.0665748349217495, 0.6541292663467516, 0.4285676814187853, 0.0], [0.7956720180510694, 0.7899123399956093, 0.015319106870177103, 0.0], [0.04582928369356225, 0.5168675112744514, 0.37696996798488946, 0.0], [0.7966058221784243, 0.7282233046943191, 0.0158980137393134, 0.0]]}
{"train_accuracy": 0.5090614224126795, "train_recall": 0.4358450487750881, "train_precision": 0.6937109974100379, "train_loss": 32965252190.15182, "test_accuracy": 0.5183928714352957, "test_recall": 0.4647055523593134, "test_precision": 0.6919167073545729, "test_loss": 0, "X": [[0.8300992614684449, 0.3017167409235239, 0.0, 0.0], [0.8652357144525934, 0.4762621786536279, 0.3964181807669898, 0.0], [0.9263602140088516, 0.6759849416389905, 0.2965508261842933, 0.0], [1.0, 0.9917155240759924, 0.32692723790563033, 0.0], [0.19567730246427795, 0.5152231692954683, 0.3364579931367279, 0.0], [0.0710906873202221, 0.6319806219908765, 0.39885452046051684, 0.0], [0.7527021860210444, 0.741004948686447, 0.0, 0.0], [0.03442887412767185, 0.48037342600770455, 0.337021432512276, 0.0], [0.752619502804804, 0.6795060601047025, 0.0, 0.0]]}
{"train_accuracy": 0.524580344887655, "train_recall": 0.48120040355826404, "train_precision": 0.6923001913087669, "train_loss": 32965074233.843853, "test_accuracy": 0.5387245029253935, "test_recall": 0.5161742733199391, "test_precision": 0.6945062402301081, "test_loss": 0, "X": [[0.7864299906144686, 0.2718329596371394, 0.0, 0.0], [0.8411321468753498, 0.46127905193931673, 0.36899619050509413, 0.0], [0.928935967005622, 0.6873182548247876, 0.2603362513226276, 0.0], [1.0, 0.9920052962881267, 0.28965016493279605, 0.0], [0.1775589194236078, 0.4774298578409682, 0.29841389777294963, 0.0], [0.07396289435942077, 0.6105796962064345, 0.37088300963027365, 0.0], [0.7125559897210386, 0.6954521494067092, 0.0, 0.0], [0.023215710055700903, 0.44633377670883884, 0.2995639753911653, 0.0], [0.7113826005266277, 0.6339961733876565, 0.0, 0.0]]}
