{"train_accuracy": 0.5672876111240169, "train_recall": 0.6298720891608222, "train_precision": 0.679765843171992, "train_loss": 32992502055.840412, "test_accuracy": 0.6679757856809764, "test_recall": 0.9589246209297094, "test_precision": 0.6707947502829008, "test_loss": 0, "X": [[0.21553768394065134, 0.013669616166458788, 0.0330839151024295, 0.035757132705664475], [0.4228861102193082, 0.20277428876756748, 0.11559863162757278, 0.05892204908839594], [0.9697926064424413, 0.8670874683467219, 0.06009560431693087, 0.06009560431693087], [1.0, 0.9966016682247799, 0.06009560431693087, 0.06009560431693087], [0.04454295069614181, 0.06461056351971839, 0.02825071201322412, 0.03300663809711867], [0.08218253112183274, 0.24861635769174917, 0.10722877290598894, 0.056340382691571954], [0.22856185372337143, 0.17904235291106774, 0.05780236657448437, 0.0582847155155118], [0.07901848030706123, 0.14482522109324145, 0.05213589174414377, 0.05340798820928575], [0.19110324008027685, 0.11856644388218407, 0.04300830924678988, 0.04548791375012782]]}
{"train_accuracy": 0.6679757856809764, "train_recall": 0.9589246209297094, "train_precision": 0.6707947502829008, "train_loss": 33844446272.73361, "test_accuracy": 0.6679757856809764, "test_recall": 0.9589246209297094, "test_precision": 0.6707947502829008, "test_loss": 0, "X": [[0.05974151455421741, 0.0, 0.0, 0.003319386945439811], [0.17907677573756353, 0.0, 0.18856860627974176, 0.15204948224050163], [0.9716926312662035, 0.8754475775712751, 0.1194374990221794, 0.1194374990221794], [1.0, 0.9968154210174504, 0.1194374990221794, 0.1194374990221794], [0.0, 0.0, 0.0, 0.0], [0.0, 0.0, 0.16509559095611193, 0.13922610331806956], [0.17705020486277592, 0.17577925844902623, 0.1088416289489811, 0.11127027745317769], [0.06881548649937144, 0.21338421296440774, 0.06513952306906372, 0.07354083207399735], [0.07793562998025251, 0.0801146889908651, 0.028740584741200496, 0.041719553323959865]]}
{"train_accuracy": 0.6679757856809764, "train_recall": 0.9589246209297094, "train_precision": 0.6707947502829008, "train_loss": 35558255781.8418, "test_accuracy": 0.6679757856809764, "test_recall": 0.9589246209297094, "test_precision": 0.6707947502829008, "test_loss": 0, "X": [[0.0, 0.0, 0.0, 0.0], [0.16498091832192635, 0.0, 0.2847857141577219, 0.2534062296982716], [0.9714145918441123, 0.8742242041140925, 0.13004671830398287, 0.13004671830398287], [1.0, 0.9967841415824622, 0.13004671830398287, 0.13004671830398287], [0.0, 0.0, 0.0, 0.0], [0.0, 0.0, 0.24476521280857216, 0.22914089403104637], [0.1218159225501598, 0.15158142227981974, 0.11182084573025691, 0.1160365832093077], [0.020193349633603253, 0.24238442271241137, 0.027254966330293912, 0.0430902284276765], [0.029237086804066628, 0.055441006008026476, 0.0, 0.0]]}
{"train_accuracy": 0.6679757856809764, "train_recall": 0.9589246209297094, "train_precision": 0.6707947502829008, "train_loss": 36724602230.66513, "test_accuracy": 0.6679757856809764, "test_recall": 0.9589246209297094, "test_precision": 0.6707947502829008, "test_loss": 0, "X": [[0.0, 0.0, 0.0, 0.0], [0.10451372397703532, 0.0, 0.2873792671305115, 0.2625426706817804], [0.9713994725910592, 0.8741576794006649, 0.140005960261026, 0.140005960261026], [1.0, 0.9967824406664901, 0.140005960261026, 0.140005960261026], [0.0, 0.0, 0.0, 0.0], [0.0, 0.0, 0.23140583548386118, 0.22743654221783935], [0.11316788080358932, 0.1554922721191028, 0.11721453332573918, 0.12268478787013724], [0.0, 0.2773861287316722, 0.0, 0.011770169329089721], [0.023628958036207563, 0.0569838447625141, 0.0, 0.0]]}
{"train_accuracy": 0.6679757856809764, "train_recall": 0.9589246209297094, "train_precision": 0.6707947502829008, "train_loss": 36891698342.756935, "test_accuracy": 0.6679757856809764, "test_recall": 0.9589246209297094, "test_precision": 0.6707947502829008, "test_loss": 0, "X": [[0.0, 0.0, 0.0, 0.0], [0.0806643585732305, 0.0, 0.2968203596458424, 0.2767401772309164], [0.9713521948312159, 0.8739496572573702, 0.1405300007987569, 0.1405300007987569], [1.0, 0.996777121918504, 0.1405300007987569, 0.1405300007987569], [0.0, 0.0, 0.0, 0.0], [0.0, 0.0, 0.2244726002084508, 0.2303829099486125], [0.10365216961866824, 0.1540920557245567, 0.11341095552577315, 0.1200907617230393], [0.0, 0.3013117698810418, 0.0, 0.0], [0.018346557561709092, 0.05315880418737667, 0.0, 0.0]]}
{"train_accuracy": 0.6679757856809764, "train_recall": 0.9589246209297094, "train_precision": 0.6707947502829008, "train_loss": 36892302662.912186, "test_accuracy": 0.6679757856809764, "test_recall": 0.9589246209297094, "test_precision": 0.6707947502829008, "test_loss": 0, "X": [[0.0, 0.0, 0.0, 0.0], [0.06875368069252169, 0.0, 0.3039435832452938, 0.28796254076360694], [0.9713267619958358, 0.8738377527816823, 0.13933279564653206, 0.13933279564653206], [1.0, 0.9967742607245287, 0.13933279564653206, 0.13933279564653206], [0.0, 0.0, 0.0, 0.0], [0.0, 0.0, 0.21526760117740124, 0.2303741468337497], [0.10118724265167002, 0.15626773965247065, 0.10891221951351018, 0.11668672293959807], [0.0, 0.31365313483483515, 0.0, 0.0], [0.017562878298521593, 0.050702252387614825, 0.0, 0.0]]}
