{"train_accuracy": 0.4363638054793297, "train_recall": 0.232142980388562, "train_precision": 0.6973117590805409, "train_loss": 32966320675.09846, "test_accuracy": 0.44180981100893263, "test_recall": 0.2459820699367675, "test_precision": 0.6984225962719749, "test_loss": 0, "X": [[1.0, 0.4309360537511856, 0.12001618642800407, 0.004740201980533462], [0.9221918955435743, 0.5080548655783615, 0.5097776848773319, 0.0058418622852983385], [0.8385276279230977, 0.5561223590751802, 0.4659027347136426, 0.0007646448464845557], [0.9215880011136616, 0.9122437091297242, 0.5001651386547501, 0.0007646448464845557], [0.2681761954391334, 0.6746708983184138, 0.509767992780105, 0.0010118221175555026], [0.030085867301327375, 0.6883765176191885, 0.5148019478133546, 0.005685227343919588], [0.9107274103750107, 0.930877097786517, 0.11529821083955566, 0.0020951773701328048], [0.08247966970614905, 0.6263570811121294, 0.5097002033473041, 0.0009345664559597408], [0.9146610028441962, 0.8719713742700304, 0.1182373109165307, 0.000896527207264858]]}
{"train_accuracy": 0.44387919205833537, "train_recall": 0.25149020489908125, "train_precision": 0.6985378475598186, "train_loss": 32966209827.50062, "test_accuracy": 0.4475778044672036, "test_recall": 0.26149085437234426, "test_precision": 0.6985662423275976, "test_loss": 0, "X": [[1.0, 0.42652363751708755, 0.11188037674509362, 0.0], [0.9309754287374322, 0.5132682342858251, 0.5076665201628536, 0.0013195974078671587], [0.8584900288759643, 0.5749387978969944, 0.4583222786274646, 0.0], [0.941887449752132, 0.9325052399035666, 0.49272371473888443, 0.0], [0.2663667551350645, 0.6710013280396104, 0.5025910997320373, 0.0], [0.03500404556124983, 0.6939913475711648, 0.51254714459364, 0.0010091712571229567], [0.9104001171340679, 0.9280307323892645, 0.10661022774180302, 0.0], [0.08008496066294217, 0.6229963614989206, 0.5024759221261569, 0.0], [0.9141216285665928, 0.8681365431045241, 0.10937947564870253, 0.0]]}
{"train_accuracy": 0.44938892915013906, "train_recall": 0.26636154990865785, "train_precision": 0.6986068596439521, "train_loss": 32966117265.299747, "test_accuracy": 0.453191923523044, "test_recall": 0.27650872904453283, "test_precision": 0.6987681374927607, "test_loss": 0, "X": [[1.0, 0.4221362293914036, 0.103822422775255, 0.0], [0.93953023703404, 0.5182770832071723, 0.505563911519769, 0.0], [0.8779670300817235, 0.5932559980801769, 0.45086656375102135, 0.0], [0.9617055689057079, 0.9522849832880133, 0.4854087110159151, 0.0], [0.26450329967339364, 0.6673741963894152, 0.49551694231320986, 0.0], [0.03964883412751464, 0.6994131532699549, 0.5103031826118365, 0.0], [0.910081829133012, 0.9252594870608113, 0.0980224776628829, 0.0], [0.07763984430323512, 0.6196917830251021, 0.495369625164811, 0.0], [0.913584569804963, 0.8643835138345376, 0.10061740391227662, 0.0]]}
{"train_accuracy": 0.45509881779674594, "train_recall": 0.2815319711619714, "train_precision": 0.6989085800117651, "train_loss": 32966030931.827168, "test_accuracy": 0.4585993456203957, "test_recall": 0.2912569041927835, "test_precision": 0.6986726698706206, "test_loss": 0, "X": [[1.0, 0.4177754130489583, 0.09584208467147116, 0.0], [0.9478696061597774, 0.5230950546360977, 0.503468864915883, 0.0], [0.8969935049268055, 0.6111115216161013, 0.44353085426047234, 0.0], [0.9810764411946624, 0.9716171108645294, 0.4782150654709611, 0.0], [0.2625948193914611, 0.6637893892820824, 0.48854189017580407, 0.0], [0.04404224418797817, 0.7046537597493502, 0.5080689089926749, 0.0], [0.909773279679731, 0.9225593800719184, 0.08953403557647162, 0.0], [0.0751541850302352, 0.6164425225904785, 0.4883767914127819, 0.0], [0.9130510619372397, 0.8607083928042373, 0.09195054555639233, 0.0]]}
{"train_accuracy": 0.4602547585946031, "train_recall": 0.29591470699465006, "train_precision": 0.6985113968891182, "train_loss": 32965948789.258934, "test_accuracy": 0.4636604354806353, "test_recall": 0.30541294377207345, "test_precision": 0.6982716450991507, "test_loss": 0, "X": [[0.9999747028090291, 0.4134309338817894, 0.08793622384167064, 0.0], [0.9559795391431839, 0.5277184181743375, 0.5013695981645065, 0.0], [0.9155718591849805, 0.6285161804139285, 0.4363009651949559, 0.0], [1.0, 0.990501834158311, 0.47112757328114974, 0.0], [0.260639172611416, 0.6602293931853107, 0.4816508949530106, 0.0], [0.048197028648004174, 0.7097040050959676, 0.505832296088647, 0.0], [0.9094514677037433, 0.9199045114301926, 0.08114136460498725, 0.0], [0.0726313747699288, 0.6132324690668772, 0.4814821347208407, 0.0], [0.9124981269915342, 0.8570866384805653, 0.08337528092882684, 0.0]]}
{"train_accuracy": 0.4655315022815325, "train_recall": 0.3105181221622044, "train_precision": 0.6982470354480782, "train_loss": 32965869889.84081, "test_accuracy": 0.469412811835376, "test_recall": 0.3210894940532494, "test_precision": 0.6982146258680104, "test_loss": 0, "X": [[0.9815402308681634, 0.4015286208678432, 0.078535398163779, 0.0], [0.9462454640042255, 0.5224266657667843, 0.4900629141262835, 0.0], [0.9167804098845744, 0.6338338034921437, 0.4211968585743082, 0.0], [1.0, 0.9906377961120147, 0.45552493949691947, 0.0], [0.2538605758184467, 0.6445771833338785, 0.46602840435158965, 0.0], [0.05121512130564534, 0.7014943509517966, 0.4943088090667512, 0.0], [0.8923986088068081, 0.9003967251030033, 0.07140238781923709, 0.0], [0.06875625016037903, 0.5988067146729104, 0.4658730062069667, 0.0], [0.8951534542078414, 0.8377805897443776, 0.07340954850999512, 0.0]]}
