{"train_accuracy": 0.4339986181160009, "train_recall": 0.22601758037408598, "train_precision": 0.696927910839676, "train_loss": 32966398315.606705, "test_accuracy": 0.4345134083742813, "test_recall": 0.2273278528643983, "test_precision": 0.6970408961147416, "test_loss": 0, "X": [[1.0, 0.4349250949964129, 0.12741195159407323, 0.01257535749268697], [0.9140413046437774, 0.5031350832465392, 0.5116822466962976, 0.009893289662973575], [0.8200494287466453, 0.5386552859185789, 0.4728583985867585, 0.009385692752292646], [0.9028124119313716, 0.8935015763230965, 0.5069981291504573, 0.009385692752292646], [0.26973477063468837, 0.6780158602535504, 0.5163348431964874, 0.009410412697877476], [0.025349556716846317, 0.6831113714257052, 0.5168382740295195, 0.009877679764010381], [0.9110328600548613, 0.9335232849587771, 0.12321746385583564, 0.010449565600031251], [0.08456965552298897, 0.6294416408294047, 0.5163280363899174, 0.009402645917312045], [0.9151487689430645, 0.8755124334991833, 0.12630342498946234, 0.009398914476041041]]}
{"train_accuracy": 0.434752373024623, "train_recall": 0.22796830074965496, "train_precision": 0.6970540776582401, "train_loss": 32966385246.467636, "test_accuracy": 0.43522077129888714, "test_recall": 0.2292709636077302, "test_precision": 0.6970230092285477, "test_loss": 0, "X": [[1.0, 0.43448324355157125, 0.12659303839612668, 0.011707782008889226], [0.9149463792121234, 0.5036822008039736, 0.5114720561951962, 0.009445038860005405], [0.8220991610953056, 0.5405929440984101, 0.47208849412563114, 0.008431195542508088], [0.9048951072708561, 0.8955805633261285, 0.5062418219230495, 0.008431195542508088], [0.26956177405132187, 0.6776454202076244, 0.515607798014955, 0.008480357695153633], [0.025876463723244633, 0.6836970138046689, 0.5166135083879578, 0.009413848304549341], [0.9110006753376171, 0.9332315917164168, 0.1223408673883076, 0.009524735419728255], [0.08434014248323479, 0.6291010971114983, 0.5155943921830367, 0.008465001512514203], [0.9150958960766553, 0.8751210154178035, 0.12541034537314671, 0.008457502205997202]]}
{"train_accuracy": 0.4354674296693503, "train_recall": 0.22992433017097075, "train_precision": 0.6970457502313666, "train_loss": 32966372244.415306, "test_accuracy": 0.43597452620750926, "test_recall": 0.23126079395363397, "test_precision": 0.6971001481372422, "test_loss": 0, "X": [[1.0, 0.43404155803246913, 0.1257748985160898, 0.010840908038085134], [0.9158486468116993, 0.504226686250942, 0.511261880379207, 0.008996511742700492], [0.8241430447486607, 0.5425245070799984, 0.4713200602415471, 0.007477762904925021], [0.9069720264159162, 0.897653765978367, 0.5054870151792955, 0.007477762904925021], [0.2693879441621155, 0.6772754389079779, 0.5148819373793261, 0.007551090110268476], [0.026399773819304594, 0.6842802119702222, 0.5163887855158694, 0.008949769575799035], [0.9109685948762477, 0.9329408394761136, 0.1214653428704467, 0.008600890376101655], [0.08410981234689845, 0.6287611990662181, 0.5148621397608933, 0.007528321393791074], [0.9150430346985825, 0.8747305990784312, 0.12451827205680219, 0.00751701811241944]]}
{"train_accuracy": 0.43624483989655505, "train_recall": 0.23194442207763136, "train_precision": 0.6971630092793294, "train_loss": 32966359308.30581, "test_accuracy": 0.4367654865686594, "test_recall": 0.2332991135840253, "test_precision": 0.6972383077501598, "test_loss": 0, "X": [[1.0, 0.4336000397804135, 0.12495753299445614, 0.00997473736813101], [0.9167481213900555, 0.5047685533791328, 0.5110517227462461, 0.008547714675370644], [0.8261811155833095, 0.5444500126090577, 0.470553095125204, 0.0065253961087935125], [0.909043204693386, 0.8997212196685165, 0.5047337068831138, 0.0065253961087935125], [0.269213288317479, 0.6769059162486516, 0.514157259266912, 0.006622611272388566], [0.026919507144334012, 0.6848609783948262, 0.5161641086979125, 0.008485449773487435], [0.9109366190943707, 0.9326510256039241, 0.1205908910275871, 0.007678031915878332], [0.08387867432491479, 0.6284219476523396, 0.5141312771786006, 0.006592606949072025], [0.9149901851597579, 0.8743411815556847, 0.12362720556071721, 0.006577463481055414]]}
{"train_accuracy": 0.43701398224542026, "train_recall": 0.23395495770194769, "train_precision": 0.6972630404180571, "train_loss": 32966346437.9489, "test_accuracy": 0.43754611208188504, "test_recall": 0.23530239351248766, "test_precision": 0.6973822027973312, "test_loss": 0, "X": [[1.0, 0.433158690155401, 0.12414094296323311, 0.009109271876073202], [0.917644816686259, 0.5053078158046237, 0.5108415867876064, 0.00809865403053608], [0.8282134090054141, 0.5463694979510753, 0.46978759708836265, 0.005574096528274752], [0.9111086769625724, 0.9017829593174156, 0.5039818951206909, 0.005574096528274752], [0.2690378138122852, 0.6765368521507723, 0.5134337617303606, 0.005694922589662644], [0.027435683595892508, 0.6854393253839725, 0.5159394812147499, 0.008020895105441064], [0.9109047484181417, 0.9323621475193665, 0.11971751269326683, 0.00675616158763771], [0.08364673756841515, 0.6280833438552162, 0.5134018025736203, 0.005657859645303724], [0.9149373478114399, 0.8739527599812487, 0.1227371464808452, 0.005638839678537915]]}
{"train_accuracy": 0.43780471294328316, "train_recall": 0.2359621309306244, "train_precision": 0.6974338936932442, "train_loss": 32966333633.817818, "test_accuracy": 0.4383285749014084, "test_recall": 0.2373134600413787, "test_precision": 0.6975204900658876, "test_loss": 0, "X": [[1.0, 0.43271751053424923, 0.12332512960330796, 0.008244513491938601], [0.9185387462685841, 0.5058444869877334, 0.5106314759888849, 0.007649336182074036], [0.8302399599582071, 0.5482829998989383, 0.46902356453099364, 0.004623865609853994], [0.913168477622696, 0.9038390193854658, 0.5032315780676014, 0.004623865609853994], [0.2688615278894738, 0.6761682465622608, 0.5127114428962694, 0.004768025540969965], [0.027948322865290406, 0.686015265094602, 0.5157149063443501, 0.007556111784461841], [0.9108729832761844, 0.9320742026923232, 0.11884520875475692, 0.005835280998799615], [0.08341401116978112, 0.627745388686501, 0.5126737141658606, 0.004724081022410018], [0.9148845230052746, 0.8735653315430925, 0.12184809547214838, 0.0047011481381085025]]}
