{"train_accuracy": 0.6317756841927697, "train_recall": 0.8381976285200522, "train_precision": 0.6738630378498441, "train_loss": 34392065236.84623, "test_accuracy": 0.6679757856809764, "test_recall": 0.9589246209297094, "test_precision": 0.6707947502829008, "test_loss": 0, "X": [[0.0, 0.0, 0.0, 0.0], [0.05961829422708233, 0.0, 0.29754882002373945, 0.32040059830152817], [0.9993387381118998, 0.9970904476923615, 0.14641726259666776, 0.14641726259666776], [1.0, 0.9999256080375859, 0.14641726259666776, 0.14641726259666776], [0.019981945984319197, 0.0, 0.0, 0.0], [0.0, 0.0, 0.2518763013300627, 0.288686540077737], [0.12147134960626785, 0.1311136361391877, 0.13839828036496504, 0.14175157951807374], [0.07266010747003486, 0.2186672062710543, 0.019754819237346365, 0.03858096706256281], [0.007856529987854247, 0.03281662281624176, 0.0, 0.003350883947231868]]}
{"train_accuracy": 0.6679757856809764, "train_recall": 0.9589246209297094, "train_precision": 0.6707947502829008, "train_loss": 36610618863.14882, "test_accuracy": 0.6679757856809764, "test_recall": 0.9589246209297094, "test_precision": 0.6707947502829008, "test_loss": 0, "X": [[0.0, 0.0, 0.0, 0.0], [0.08399080428347809, 0.0, 0.3382541613751212, 0.3794062987400728], [0.9993495119599334, 0.9971378526237453, 0.1334097044487982, 0.1334097044487982], [1.0, 0.9999268200954862, 0.1334097044487982, 0.1334097044487982], [0.0, 0.0, 0.0, 0.0], [0.0, 0.0, 0.13622833841432816, 0.2392695673145918], [0.09850890353458017, 0.18190046698706144, 0.0872438354621393, 0.10159382302437431], [0.0, 0.42458743765731377, 0.0, 0.0], [0.02988924679394264, 0.04506521765183553, 0.0, 0.0]]}
{"train_accuracy": 0.6679757856809764, "train_recall": 0.9589246209297094, "train_precision": 0.6707947502829008, "train_loss": 36888706067.08634, "test_accuracy": 0.6679757856809764, "test_recall": 0.9589246209297094, "test_precision": 0.6707947502829008, "test_loss": 0, "X": [[0.0, 0.0, 0.0, 0.0], [0.04646422528581068, 0.0, 0.3935529043147577, 0.4430085374704938], [0.9993551307846097, 0.9971625754523151, 0.1537710136237002, 0.1537710136237002], [1.0, 0.9999274522132656, 0.1537710136237002, 0.1537710136237002], [0.0, 0.0, 0.0, 0.0], [0.0, 0.0, 0.0555386014432805, 0.2123306955967396], [0.08944950072859197, 0.18747262494052197, 0.08522093412209437, 0.10908407349685346], [0.0, 0.25607485431994026, 0.0, 0.0], [0.030071610633060682, 0.03767306046709644, 0.0, 0.0]]}
{"train_accuracy": 0.6679757856809764, "train_recall": 0.9589246209297094, "train_precision": 0.6707947502829008, "train_loss": 36870106310.49485, "test_accuracy": 0.6679757856809764, "test_recall": 0.9589246209297094, "test_precision": 0.6707947502829008, "test_loss": 0, "X": [[0.0, 0.0, 0.0, 0.0], [0.07927103365160235, 0.0, 0.43439531662116637, 0.4804476851492076], [0.9993500472711865, 0.9971402079932078, 0.13555564336708678, 0.13555564336708678], [1.0, 0.9999268803180096, 0.13555564336708678, 0.13555564336708678], [0.0, 0.0, 0.0, 0.0], [0.0, 0.0, 0.0, 0.16750402228383288], [0.10173836126691099, 0.18730447398514682, 0.050785938650697346, 0.08366259321716032], [0.0, 0.4088757397102545, 0.0, 0.0], [0.026889825559643393, 0.033795316667766404, 0.0, 0.0]]}
{"train_accuracy": 0.6679757856809764, "train_recall": 0.9589246209297094, "train_precision": 0.6707947502829008, "train_loss": 36770326054.35567, "test_accuracy": 0.6679757856809764, "test_recall": 0.9589246209297094, "test_precision": 0.6707947502829008, "test_loss": 0, "X": [[0.0, 0.0, 0.0, 0.0], [0.04435613450303094, 0.0, 0.45781861709361765, 0.5044977429763388], [0.999359071526545, 0.9971799147168277, 0.15173390678130236, 0.15173390678130236], [1.0, 0.9999278955467298, 0.15173390678130236, 0.15173390678130236], [0.0, 0.0, 0.0, 0.0], [0.0, 0.0, 0.0, 0.12852064705541816], [0.08404261932538484, 0.18561500957907467, 0.06109842807731139, 0.10170409719637563], [0.0, 0.2567244597929156, 0.0, 0.0], [0.026024432181001984, 0.032031537831311074, 0.0, 0.0]]}
{"train_accuracy": 0.6679757856809764, "train_recall": 0.9589246209297094, "train_precision": 0.6707947502829008, "train_loss": 36654128229.91896, "test_accuracy": 0.6679757856809764, "test_recall": 0.9589246209297094, "test_precision": 0.6707947502829008, "test_loss": 0, "X": [[0.0, 0.0, 0.0, 0.0], [0.07200359795129642, 0.0, 0.4658106468588256, 0.5180792863439443], [0.9993599823296576, 0.9971839222505231, 0.13541260779306694, 0.13541260779306694], [1.0, 0.9999279980120852, 0.13541260779306694, 0.13541260779306694], [0.0, 0.0, 0.0, 0.0], [0.0, 0.0, 0.0, 0.07939455468368237], [0.10070998473762505, 0.18746036675047464, 0.03744595446758821, 0.0861991031450922], [0.0, 0.3992194977706885, 0.0, 0.0], [0.02768888945474483, 0.032153744670663426, 0.0, 0.0]]}
